contract,method,primary,campaign,campaign_type,launch,as_of,targeted,comparison,verdict,reasons,internal_estimate,internal_estimate_low,internal_estimate_high,internal_estimate_se,shifted_placebo,shifted_placebo_low,shifted_placebo_high,shifted_placebo_se,prehistory_placebo,prehistory_placebo_low,prehistory_placebo_high,prehistory_placebo_se,auc,effective_controls,largest_weight_share,treated_extreme_share,largest_shift_from_one_household,smallest_tolerance_undocumented,smallest_tolerance_documented
v1,weighting,True,24,Type C,2016-11-14,2016-12-12,0,0,refused,DATA_NO_FEED,,,,,,,,,,,,,,,,,,inf,inf
v1,weighting,True,25,Type B,2016-12-06,2017-01-03,0,0,refused,DATA_INSUFFICIENT_HISTORY,,,,,,,,,,,,,,,,,,inf,inf
v1,weighting,True,26,Type B,2016-12-28,2017-01-25,0,0,refused,DATA_INSUFFICIENT_HISTORY,,,,,,,,,,,,,,,,,,inf,inf
v1,weighting,True,27,Type A,2017-02-08,2017-03-08,344,1701,refused,DATA_INSUFFICIENT_HISTORY,,,,,,,,,,,,,,,,,,inf,inf
v1,weighting,True,1,Type B,2017-03-03,2017-03-31,13,2163,refused,DATA_INSUFFICIENT_HISTORY,,,,,,,,,,,,,,,,,,inf,inf
v1,weighting,True,2,Type B,2017-03-08,2017-04-05,48,2158,refused,DATA_INSUFFICIENT_HISTORY,,,,,,,,,,,,,,,,,,inf,inf
v1,weighting,True,3,Type C,2017-03-13,2017-04-10,12,2208,refused,DATA_INSUFFICIENT_HISTORY,,,,,,,,,,,,,,,,,,inf,inf
v1,weighting,True,4,Type B,2017-03-29,2017-04-26,81,2185,refused,PREHISTORY_RECORD_TOO_FEW ASSIGNMENT_UNDOCUMENTED_RECORD_TOO_FEW,24.3004,-6.78261,56.1484,16.5368,2.51625,-25.6721,30.7634,14.4667,33.6625,4.0665,64.9936,15.4883,0.783936,975.249,0.00464288,0,10.5676,64.9936,64.9936
v1,weighting,True,5,Type B,2017-04-03,2017-05-01,166,2121,refused,PREHISTORY_RECORD_TOO_FEW ASSIGNMENT_UNDOCUMENTED_RECORD_TOO_FEW,2.87012,-57.7531,41.9961,24.958,-9.75926,-98.2712,40.1055,34.7935,2.794,-55.8566,39.3026,23.1088,0.825621,395.378,0.0298778,0,23.5538,98.2712,55.8566
v1,weighting,True,6,Type C,2017-04-19,2017-05-17,65,2251,refused,PREHISTORY_OWN_OUTSIDE ASSIGNMENT_UNDOCUMENTED_RECORD_TOO_FEW,37.7842,-9.01397,82.9665,23.4312,14.3879,-27.0898,59.6083,22.2282,55.2477,14.083,94.36,20.4536,0.890934,334.314,0.0148074,0,9.84141,94.36,94.36
v1,weighting,True,7,Type B,2017-04-24,2017-05-22,198,2123,refused,PREHISTORY_RECORD_TOO_FEW ASSIGNMENT_UNDOCUMENTED_RECORD_TOO_FEW,22.4123,1.30676,43.9501,10.9377,24.9165,1.71858,48.4834,11.8177,26.794,3.15312,50.2085,11.7786,0.825369,677.565,0.00609551,0,3.81799,50.2085,50.2085
v1,weighting,True,8,Type A,2017-05-08,2017-06-05,1075,1267,refused,OVERLAP_EXTREME_SCORES,-67.8505,-160.699,-2.6607,39.418,-64.7809,-264.059,13.7649,74.1659,-37.7629,-299.984,33.5677,85.689,0.851845,7.96742,0.342592,0.176744,31.3975,inf,inf
v1,weighting,True,9,Type B,2017-05-31,2017-06-28,176,2196,refused,PREHISTORY_RECORD_BIAS ASSIGNMENT_UNDOCUMENTED_RECORD_NOT_CERTIFIED,-14.4618,-35.3044,6.67874,10.7514,22.0055,1.22542,45.8178,11.3424,-3.07395,-25.2585,18.5804,11.1066,0.771089,962.793,0.00530769,0,4.88548,45.8178,25.2585
v1,weighting,True,10,Type B,2017-06-28,2017-07-26,123,2268,refused,PREHISTORY_RECORD_BIAS ASSIGNMENT_UNDOCUMENTED_RECORD_NOT_CERTIFIED,2.95117,-35.0904,38.1427,18.7547,13.9865,-22.8965,47.535,18.0144,17.7453,-21.3619,56.1461,19.4396,0.841537,478.31,0.0126548,0,11.3696,56.1461,56.1461
v1,weighting,True,11,Type B,2017-07-12,2017-08-09,214,2189,refused,PREHISTORY_OWN_OUTSIDE ASSIGNMENT_UNDOCUMENTED_RECORD_NOT_CERTIFIED,0.523085,-25.6076,27.5639,13.6917,-12.1197,-40.8617,15.6344,14.0541,36.3867,9.44878,63.6121,13.814,0.854113,518.008,0.0122864,0,5.22369,63.6121,63.6121
v1,weighting,True,12,Type B,2017-07-12,2017-08-09,170,2233,refused,PREHISTORY_RECORD_NOT_CERTIFIED ASSIGNMENT_UNDOCUMENTED_RECORD_NOT_CERTIFIED,10.1737,-83.7036,48.165,43.7532,8.03377,-41.0754,39.5061,20.2965,16.7234,-186.452,68.1245,82.066,0.841515,396.821,0.0211569,0,19.8708,100.177,100.177
v1,weighting,True,13,Type A,2017-08-08,2017-09-05,1077,1343,refused,OVERLAP_EXTREME_SCORES,-114.93,-361.811,94.8679,109.517,-134.116,-294.542,68.3139,99.6772,-48.9292,-235.508,34.1125,72.2893,0.916699,7.29222,0.228973,0.411328,79.4178,inf,inf
v1,weighting,True,14,Type C,2017-09-04,2017-10-02,224,2209,refused,PREHISTORY_RECORD_NOT_CERTIFIED ASSIGNMENT_UNDOCUMENTED_RECORD_NOT_CERTIFIED,9.59063,-33.038,43.1004,20.2874,-13.5558,-67.0806,22.5578,27.3164,38.3116,4.32426,66.3945,18.1119,0.854016,420.777,0.014026,0,14.0906,66.3945,66.3945
v1,weighting,True,15,Type C,2017-09-20,2017-10-18,17,2422,refused,DATA_TOO_FEW_TREATED,,,,,,,,,,,,,,,,,,inf,inf
v1,weighting,True,16,Type B,2017-10-04,2017-11-01,188,2259,refused,PREHISTORY_RECORD_NOT_CERTIFIED ASSIGNMENT_UNDOCUMENTED_RECORD_NOT_CERTIFIED,-6.61147,-58.0562,30.5478,24.7187,2.14491,-52.903,35.6715,28.934,-1.62548,-40.7127,34.6496,19.4342,0.854582,392.003,0.0216743,0,16.486,40.714,40.7127
v1,weighting,True,17,Type B,2017-10-18,2017-11-15,202,2249,refused,PREHISTORY_OWN_OUTSIDE ASSIGNMENT_UNDOCUMENTED_RECORD_NOT_CERTIFIED,3.2811,-21.6083,29.8283,13.4301,14.9961,-9.57393,38.8586,12.6841,38.4429,11.5445,66.6604,14.0684,0.862357,550.351,0.0061035,0,4.26598,66.6604,66.6604
v1,weighting,True,18,Type A,2017-10-30,2017-11-27,1133,1319,refused,OVERLAP_EXTREME_SCORES,-164.42,-269.247,-38.8735,55.9529,-147.102,-313.815,-20.6385,76.8169,-141.557,-278.065,11.869,75.974,0.89913,7.51957,0.348614,0.338041,41.3105,inf,inf
v1,weighting,True,19,Type B,2017-11-15,2017-12-13,130,2328,refused,PREHISTORY_RECORD_NOT_CERTIFIED ASSIGNMENT_UNDOCUMENTED_RECORD_NOT_CERTIFIED,29.8508,2.60688,57.9715,13.9237,20.1062,-4.39603,45.9191,13.109,-3.61452,-33.6402,26.1397,14.9346,0.806577,776.449,0.00709483,0,5.61996,34.1915,33.6402
v1,weighting,True,20,Type C,2017-11-27,2017-12-25,244,2218,refused,PREHISTORY_RECORD_NOT_CERTIFIED ASSIGNMENT_UNDOCUMENTED_RECORD_NOT_CERTIFIED,16.3282,-16.1468,50.0063,17.0239,-24.8109,-62.217,13.8234,19.6123,-16.795,-64.5707,25.3587,23.535,0.879202,268.653,0.0251317,0,9.3504,64.5707,64.5707
v1,regression,False,24,Type C,2016-11-14,2016-12-12,0,0,refused,DATA_NO_FEED,,,,,,,,,,,,,,,,,,inf,inf
v1,regression,False,25,Type B,2016-12-06,2017-01-03,0,0,refused,DATA_INSUFFICIENT_HISTORY,,,,,,,,,,,,,,,,,,inf,inf
v1,regression,False,26,Type B,2016-12-28,2017-01-25,0,0,refused,DATA_INSUFFICIENT_HISTORY,,,,,,,,,,,,,,,,,,inf,inf
v1,regression,False,27,Type A,2017-02-08,2017-03-08,344,1701,refused,DATA_INSUFFICIENT_HISTORY,,,,,,,,,,,,,,,,,,inf,inf
v1,regression,False,1,Type B,2017-03-03,2017-03-31,13,2163,refused,DATA_INSUFFICIENT_HISTORY,,,,,,,,,,,,,,,,,,inf,inf
v1,regression,False,2,Type B,2017-03-08,2017-04-05,48,2158,refused,DATA_INSUFFICIENT_HISTORY,,,,,,,,,,,,,,,,,,inf,inf
v1,regression,False,3,Type C,2017-03-13,2017-04-10,12,2208,refused,DATA_INSUFFICIENT_HISTORY,,,,,,,,,,,,,,,,,,inf,inf
v1,regression,False,4,Type B,2017-03-29,2017-04-26,81,2185,refused,PREHISTORY_OWN_OUTSIDE ASSIGNMENT_UNDOCUMENTED_RECORD_TOO_FEW,26.501,-3.24045,56.6933,15.7868,0.962378,-26.0498,28.5424,14.0792,36.5747,7.42237,66.0726,14.8069,0.783936,975.249,0.00464288,0,6.72187,66.0726,66.0726
v1,regression,False,5,Type B,2017-04-03,2017-05-01,166,2121,refused,PREHISTORY_RECORD_TOO_FEW ASSIGNMENT_UNDOCUMENTED_RECORD_TOO_FEW,25.7955,2.45785,49.0242,11.7093,13.4047,-15.2198,40.2141,13.9702,24.868,2.24705,47.8535,11.5958,0.825621,395.378,0.0298778,0,2.09862,47.8535,47.8535
v1,regression,False,6,Type C,2017-04-19,2017-05-17,65,2251,refused,PREHISTORY_OWN_OUTSIDE ASSIGNMENT_UNDOCUMENTED_RECORD_TOO_FEW,35.4683,-7.59143,77.258,21.8261,24.2115,-14.4092,65.3785,20.427,55.7305,20.1287,91.9085,18.9175,0.890934,334.314,0.0148074,0,9.14897,91.9085,91.9085
v1,regression,False,7,Type B,2017-04-24,2017-05-22,198,2123,refused,PREHISTORY_OWN_OUTSIDE ASSIGNMENT_UNDOCUMENTED_OWN_OUTSIDE,24.1682,5.05977,43.7263,9.74824,27.167,7.68234,46.9763,10.0926,27.2219,5.58411,48.791,10.7846,0.825369,677.565,0.00609551,0,2.79371,48.791,48.791
v1,regression,False,8,Type A,2017-05-08,2017-06-05,1075,1267,refused,OVERLAP_EXTREME_SCORES,16.0515,5.07305,27.2244,5.64017,16.3245,5.42536,27.9902,5.8836,30.108,17.9828,42.468,6.22746,0.851845,7.96742,0.342592,0.176744,1.40502,inf,inf
v1,regression,False,9,Type B,2017-05-31,2017-06-28,176,2196,refused,PREHISTORY_RECORD_BIAS ASSIGNMENT_UNDOCUMENTED_RECORD_NOT_CERTIFIED,-12.5116,-32.0731,6.79215,9.93518,21.5308,1.33816,43.6477,10.5933,-1.44449,-20.0512,16.9965,9.67976,0.771089,962.793,0.00530769,0,2.23989,43.6477,20.0512
v1,regression,False,10,Type B,2017-06-28,2017-07-26,123,2268,refused,PREHISTORY_RECORD_BIAS ASSIGNMENT_UNDOCUMENTED_RECORD_NOT_CERTIFIED,4.3137,-25.0986,35.0688,15.0742,11.2878,-19.2244,39.2667,14.9632,26.3816,-1.77552,55.433,14.6171,0.841537,478.31,0.0126548,0,3.20831,55.433,55.433
v1,regression,False,11,Type B,2017-07-12,2017-08-09,214,2189,refused,PREHISTORY_OWN_OUTSIDE ASSIGNMENT_UNDOCUMENTED_RECORD_NOT_CERTIFIED,7.58047,-13.8545,29.8582,11.1022,-1.57894,-24.2874,21.398,11.5898,33.9342,12.2314,56.0273,10.8964,0.854113,518.008,0.0122864,0,2.58909,56.0273,56.0273
v1,regression,False,12,Type B,2017-07-12,2017-08-09,170,2233,refused,PREHISTORY_OWN_OUTSIDE ASSIGNMENT_UNDOCUMENTED_RECORD_NOT_CERTIFIED,29.4515,5.96512,51.2237,11.5289,17.8919,-5.94978,43.3542,12.7552,37.9843,13.6244,63.4549,12.4499,0.841515,396.821,0.0211569,0,4.32183,63.4549,63.4549
v1,regression,False,13,Type A,2017-08-08,2017-09-05,1077,1343,refused,OVERLAP_EXTREME_SCORES,15.3509,3.6312,26.8981,5.91497,22.9365,10.9565,34.7966,6.07626,23.768,10.9948,36.115,6.44537,0.916699,7.29222,0.228973,0.411328,1.11238,inf,inf
v1,regression,False,14,Type C,2017-09-04,2017-10-02,224,2209,refused,PREHISTORY_OWN_OUTSIDE ASSIGNMENT_UNDOCUMENTED_RECORD_NOT_CERTIFIED,30.9357,10.0423,51.6786,10.6998,-9.53361,-31.305,13.6142,11.6808,37.1996,18.9492,57.22,9.88965,0.854016,420.777,0.014026,0,2.53983,57.22,57.22
v1,regression,False,15,Type C,2017-09-20,2017-10-18,17,2422,refused,DATA_TOO_FEW_TREATED,,,,,,,,,,,,,,,,,,inf,inf
v1,regression,False,16,Type B,2017-10-04,2017-11-01,188,2259,refused,PREHISTORY_RECORD_BIAS ASSIGNMENT_UNDOCUMENTED_RECORD_NOT_CERTIFIED,10.6717,-10.2118,33.0372,11.0174,15.3856,-4.93205,36.9171,10.5316,11.3129,-12.5782,34.6434,11.9528,0.854582,392.003,0.0216743,0,3.46186,36.9171,34.6434
v1,regression,False,17,Type B,2017-10-18,2017-11-15,202,2249,refused,PREHISTORY_OWN_OUTSIDE ASSIGNMENT_UNDOCUMENTED_RECORD_NOT_CERTIFIED,-2.07779,-23.7516,20.5078,11.4501,15.1784,-5.70084,36.3133,10.806,34.8274,12.3672,59.0086,11.8378,0.862357,550.351,0.0061035,0,3.96714,59.0086,59.0086
v1,regression,False,18,Type A,2017-10-30,2017-11-27,1133,1319,refused,OVERLAP_EXTREME_SCORES,12.21,1.18686,23.1079,5.56014,19.1553,8.10485,29.9539,5.67423,18.0086,6.90236,28.7637,5.76739,0.89913,7.51957,0.348614,0.338041,1.03954,inf,inf
v1,regression,False,19,Type B,2017-11-15,2017-12-13,130,2328,refused,PREHISTORY_RECORD_BIAS ASSIGNMENT_UNDOCUMENTED_RECORD_NOT_CERTIFIED,23.7464,-0.273174,48.0073,12.4605,17.5566,-6.42255,41.5333,12.3227,2.71259,-20.5397,25.6028,11.6273,0.806577,776.449,0.00709483,0,2.82514,39.9691,25.6028
v1,regression,False,20,Type C,2017-11-27,2017-12-25,244,2218,refused,PREHISTORY_RECORD_BIAS ASSIGNMENT_UNDOCUMENTED_RECORD_NOT_CERTIFIED,30.5228,8.214,55.4379,12.0896,11.6776,-7.79599,31.5832,10.0222,14.7389,-7.34275,35.6903,10.8842,0.879202,268.653,0.0251317,0,3.11629,35.6903,35.6903
v2,weighting,True,24,Type C,2016-11-14,2016-12-12,0,0,refused,DATA_NO_FEED,,,,,,,,,,,,,,,,,,inf,inf
v2,weighting,True,25,Type B,2016-12-06,2017-01-03,0,0,refused,DATA_INSUFFICIENT_HISTORY,,,,,,,,,,,,,,,,,,inf,inf
v2,weighting,True,26,Type B,2016-12-28,2017-01-25,0,0,refused,DATA_INSUFFICIENT_HISTORY,,,,,,,,,,,,,,,,,,inf,inf
v2,weighting,True,27,Type A,2017-02-08,2017-03-08,344,1701,refused,DATA_INSUFFICIENT_HISTORY,,,,,,,,,,,,,,,,,,inf,inf
v2,weighting,True,1,Type B,2017-03-03,2017-03-31,13,2163,refused,DATA_INSUFFICIENT_HISTORY,,,,,,,,,,,,,,,,,,inf,inf
v2,weighting,True,2,Type B,2017-03-08,2017-04-05,48,2158,refused,DATA_INSUFFICIENT_HISTORY,,,,,,,,,,,,,,,,,,inf,inf
v2,weighting,True,3,Type C,2017-03-13,2017-04-10,12,2208,refused,DATA_INSUFFICIENT_HISTORY,,,,,,,,,,,,,,,,,,inf,inf
v2,weighting,True,4,Type B,2017-03-29,2017-04-26,81,2185,refused,DATA_INSUFFICIENT_HISTORY,,,,,,,,,,,,,,,,,,inf,inf
v2,weighting,True,5,Type B,2017-04-03,2017-05-01,166,2121,refused,DATA_INSUFFICIENT_HISTORY,,,,,,,,,,,,,,,,,,inf,inf
v2,weighting,True,6,Type C,2017-04-19,2017-05-17,65,2251,refused,DATA_INSUFFICIENT_HISTORY,,,,,,,,,,,,,,,,,,inf,inf
v2,weighting,True,7,Type B,2017-04-24,2017-05-22,198,2123,refused,DATA_INSUFFICIENT_HISTORY,,,,,,,,,,,,,,,,,,inf,inf
v2,weighting,True,8,Type A,2017-05-08,2017-06-05,1075,1267,refused,DATA_INSUFFICIENT_HISTORY,,,,,,,,,,,,,,,,,,inf,inf
v2,weighting,True,9,Type B,2017-05-31,2017-06-28,176,2196,refused,PREHISTORY_RECORD_TOO_FEW ASSIGNMENT_UNDOCUMENTED_RECORD_TOO_FEW,-14.512,-35.3838,7.49482,11.2849,21.6604,1.03231,45.541,11.3252,15.1707,-3.62636,33.8555,9.55403,0.801706,790.948,0.00894369,0,4.89972,45.541,33.8555
v2,weighting,True,10,Type B,2017-06-28,2017-07-26,123,2268,refused,PREHISTORY_OWN_OUTSIDE ASSIGNMENT_UNDOCUMENTED_RECORD_TOO_FEW,-1.32306,-33.1389,32.408,16.8541,-6.52165,-42.4552,26.7147,18.0478,48.2911,9.22892,84.9636,19.4383,0.85929,505.322,0.0103156,0,5.2912,84.9636,84.9636
v2,weighting,True,11,Type B,2017-07-12,2017-08-09,214,2189,refused,PREHISTORY_OWN_OUTSIDE ASSIGNMENT_UNDOCUMENTED_RECORD_TOO_FEW,-5.57801,-29.6709,21.4894,13.0679,-8.90333,-33.7671,17.0972,12.83,74.0059,47.4737,103.777,14.2571,0.867351,476.698,0.0110848,0,3.804,103.777,103.777
v2,weighting,True,12,Type B,2017-07-12,2017-08-09,170,2233,refused,PREHISTORY_RECORD_TOO_FEW ASSIGNMENT_UNDOCUMENTED_RECORD_TOO_FEW,-0.884699,-95.0771,37.297,44.3483,3.93963,-29.1446,32.8877,15.8104,38.1532,-114.48,87.1424,68.621,0.856424,378.79,0.0233261,0,21.6925,114.48,114.48
v2,weighting,True,13,Type A,2017-08-08,2017-09-05,1077,1343,refused,OVERLAP_EXTREME_SCORES,-19.2342,-210.863,139.422,94.8654,-72.0955,-257.841,77.0043,87.3587,-59.3264,-207.398,30.6334,59.1003,0.92457,6.57897,0.304791,0.414113,108.367,inf,inf
v2,weighting,True,14,Type C,2017-09-04,2017-10-02,224,2209,refused,PREHISTORY_RECORD_BIAS ASSIGNMENT_UNDOCUMENTED_RECORD_NOT_CERTIFIED,-11.8296,-103.824,30.1459,43.6622,-28.1361,-81.6509,7.7895,29.1638,38.0416,-47.505,76.731,37.3877,0.864588,393.665,0.0134559,0.00446429,20.6013,81.6509,76.731
v2,weighting,True,15,Type C,2017-09-20,2017-10-18,17,2422,refused,DATA_TOO_FEW_TREATED,,,,,,,,,,,,,,,,,,inf,inf
v2,weighting,True,16,Type B,2017-10-04,2017-11-01,188,2259,refused,PREHISTORY_RECORD_NOT_CERTIFIED ASSIGNMENT_UNDOCUMENTED_RECORD_NOT_CERTIFIED,-6.84841,-57.9359,31.2486,32.7583,4.1396,-35.4593,35.148,22.5115,18.5648,-32.3906,59.0928,27.7457,0.859279,391.973,0.0182536,0,13.2639,59.0928,59.0928
v2,weighting,True,17,Type B,2017-10-18,2017-11-15,202,2249,refused,PREHISTORY_OWN_OUTSIDE ASSIGNMENT_UNDOCUMENTED_RECORD_NOT_CERTIFIED,-4.53903,-30.3551,22.2331,13.3908,6.09249,-17.5977,30.8814,12.3789,47.5643,19.9787,75.8994,14.2546,0.87418,497.516,0.00847667,0,4.26598,75.8994,75.8994
v2,weighting,True,18,Type A,2017-10-30,2017-11-27,1133,1319,refused,OVERLAP_EXTREME_SCORES,-114.469,-238.8,-19.9131,55.1619,-70.1173,-167.516,4.20059,43.4389,-78.6432,-158.475,13.9172,43.8565,0.911366,27.259,0.134563,0.360989,46.2501,inf,inf
v2,weighting,True,19,Type B,2017-11-15,2017-12-13,130,2328,refused,PREHISTORY_RECORD_BIAS ASSIGNMENT_UNDOCUMENTED_RECORD_NOT_CERTIFIED,25.5749,-0.52619,53.5002,13.7683,14.1752,-10.8886,41.6199,13.2955,20.5083,-5.77437,46.4149,13.4254,0.828096,738.758,0.00510247,0,5.61996,46.4149,46.4149
v2,weighting,True,20,Type C,2017-11-27,2017-12-25,244,2218,refused,PREHISTORY_RECORD_BIAS ASSIGNMENT_UNDOCUMENTED_RECORD_NOT_CERTIFIED,12.8379,-17.1551,44.1486,16.0486,-38.6939,-78.0505,4.02719,20.8848,6.15656,-39.1402,46.967,22.0133,0.881149,278.65,0.0214483,0.00409836,7.87345,68.97,46.967
v2,regression,False,24,Type C,2016-11-14,2016-12-12,0,0,refused,DATA_NO_FEED,,,,,,,,,,,,,,,,,,inf,inf
v2,regression,False,25,Type B,2016-12-06,2017-01-03,0,0,refused,DATA_INSUFFICIENT_HISTORY,,,,,,,,,,,,,,,,,,inf,inf
v2,regression,False,26,Type B,2016-12-28,2017-01-25,0,0,refused,DATA_INSUFFICIENT_HISTORY,,,,,,,,,,,,,,,,,,inf,inf
v2,regression,False,27,Type A,2017-02-08,2017-03-08,344,1701,refused,DATA_INSUFFICIENT_HISTORY,,,,,,,,,,,,,,,,,,inf,inf
v2,regression,False,1,Type B,2017-03-03,2017-03-31,13,2163,refused,DATA_INSUFFICIENT_HISTORY,,,,,,,,,,,,,,,,,,inf,inf
v2,regression,False,2,Type B,2017-03-08,2017-04-05,48,2158,refused,DATA_INSUFFICIENT_HISTORY,,,,,,,,,,,,,,,,,,inf,inf
v2,regression,False,3,Type C,2017-03-13,2017-04-10,12,2208,refused,DATA_INSUFFICIENT_HISTORY,,,,,,,,,,,,,,,,,,inf,inf
v2,regression,False,4,Type B,2017-03-29,2017-04-26,81,2185,refused,DATA_INSUFFICIENT_HISTORY,,,,,,,,,,,,,,,,,,inf,inf
v2,regression,False,5,Type B,2017-04-03,2017-05-01,166,2121,refused,DATA_INSUFFICIENT_HISTORY,,,,,,,,,,,,,,,,,,inf,inf
v2,regression,False,6,Type C,2017-04-19,2017-05-17,65,2251,refused,DATA_INSUFFICIENT_HISTORY,,,,,,,,,,,,,,,,,,inf,inf
v2,regression,False,7,Type B,2017-04-24,2017-05-22,198,2123,refused,DATA_INSUFFICIENT_HISTORY,,,,,,,,,,,,,,,,,,inf,inf
v2,regression,False,8,Type A,2017-05-08,2017-06-05,1075,1267,refused,DATA_INSUFFICIENT_HISTORY,,,,,,,,,,,,,,,,,,inf,inf
v2,regression,False,9,Type B,2017-05-31,2017-06-28,176,2196,refused,PREHISTORY_RECORD_TOO_FEW ASSIGNMENT_UNDOCUMENTED_RECORD_TOO_FEW,-10.53,-29.4958,7.93161,9.42974,22.7436,3.35624,43.4958,10.2415,13.0591,-2.76203,30.2595,8.39023,0.801706,790.948,0.00894369,0,2.20455,43.4958,30.2595
v2,regression,False,10,Type B,2017-06-28,2017-07-26,123,2268,refused,PREHISTORY_OWN_OUTSIDE ASSIGNMENT_UNDOCUMENTED_RECORD_TOO_FEW,-5.92009,-34.9264,24.3768,14.9518,-7.41813,-38.0982,20.0068,15.138,49.0547,18.001,79.7175,15.9489,0.85929,505.322,0.0103156,0,3.18261,79.7175,79.7175
v2,regression,False,11,Type B,2017-07-12,2017-08-09,214,2189,refused,PREHISTORY_OWN_OUTSIDE ASSIGNMENT_UNDOCUMENTED_RECORD_TOO_FEW,-1.31741,-23.5813,20.5157,10.9721,-5.92416,-28.3588,16.8096,11.4948,69.9853,47.9776,92.1022,11.2889,0.867351,476.698,0.0110848,0,3.22272,92.1022,92.1022
v2,regression,False,12,Type B,2017-07-12,2017-08-09,170,2233,refused,PREHISTORY_OWN_OUTSIDE ASSIGNMENT_UNDOCUMENTED_RECORD_TOO_FEW,17.3678,-6.53016,40.2551,11.7946,7.80436,-15.9848,33.4428,12.8125,49.2777,26.4917,73.3624,11.8404,0.856424,378.79,0.0233261,0,5.59704,73.3624,73.3624
v2,regression,False,13,Type A,2017-08-08,2017-09-05,1077,1343,refused,OVERLAP_EXTREME_SCORES,10.9656,-0.117414,22.316,5.70146,13.5035,0.724561,25.4497,6.20731,35.9863,23.8139,47.7053,6.16711,0.92457,6.57897,0.304791,0.414113,1.04361,inf,inf
v2,regression,False,14,Type C,2017-09-04,2017-10-02,224,2209,refused,PREHISTORY_OWN_OUTSIDE ASSIGNMENT_UNDOCUMENTED_RECORD_NOT_CERTIFIED,20.5027,-0.300068,40.5357,10.5055,-23.5134,-45.0063,-0.66273,11.3934,49.6428,29.4561,69.7011,10.5665,0.864588,393.665,0.0134559,0.00446429,2.52273,69.7011,69.7011
v2,regression,False,15,Type C,2017-09-20,2017-10-18,17,2422,refused,DATA_TOO_FEW_TREATED,,,,,,,,,,,,,,,,,,inf,inf
v2,regression,False,16,Type B,2017-10-04,2017-11-01,188,2259,refused,PREHISTORY_OWN_OUTSIDE ASSIGNMENT_UNDOCUMENTED_RECORD_NOT_CERTIFIED,9.74398,-10.3506,32.0226,10.9512,9.90058,-10.8284,31.5505,10.6498,35.0624,11.729,58.2448,11.8068,0.859279,391.973,0.0182536,0,3.56661,58.2448,58.2448
v2,regression,False,17,Type B,2017-10-18,2017-11-15,202,2249,refused,PREHISTORY_OWN_OUTSIDE ASSIGNMENT_UNDOCUMENTED_RECORD_NOT_CERTIFIED,-9.83452,-31.0048,12.5059,11.0936,6.54049,-14.0232,28.2435,10.9321,45.4356,22.8991,69.2957,11.8324,0.87418,497.516,0.00847667,0,3.75043,69.2957,69.2957
v2,regression,False,18,Type A,2017-10-30,2017-11-27,1133,1319,refused,OVERLAP_EXTREME_SCORES,5.77903,-5.44556,16.9334,5.69183,12.3741,0.0972579,23.7807,6.02216,49.5934,38.6307,61.2003,5.75296,0.911366,27.259,0.134563,0.360989,1.17264,inf,inf
v2,regression,False,19,Type B,2017-11-15,2017-12-13,130,2328,refused,PREHISTORY_RECORD_BIAS ASSIGNMENT_UNDOCUMENTED_RECORD_NOT_CERTIFIED,19.8863,-2.84029,43.3178,11.9539,11.1772,-12.5553,35.086,12.265,16.1864,-8.63259,39.5143,12.2326,0.828096,738.758,0.00510247,0,2.68314,39.5143,39.5143
v2,regression,False,20,Type C,2017-11-27,2017-12-25,244,2218,refused,PREHISTORY_OWN_OUTSIDE ASSIGNMENT_UNDOCUMENTED_RECORD_NOT_CERTIFIED,22.4869,1.20195,45.1443,11.3177,5.00145,-14.0087,24.2644,9.72424,31.3941,9.9072,52.1276,10.9364,0.881149,278.65,0.0214483,0.00409836,2.17588,52.1276,52.1276
