contract,method,shift,assignment_documented,tolerance_usd,units_with_estimates,published,mean_estimate,mean_estimate_low,mean_estimate_high,largest_estimate
v1,weighting,1,False,5,13,0,,,,
v1,weighting,1,False,10,13,0,,,,
v1,weighting,1,False,20,13,0,,,,
v1,weighting,1,False,30,13,0,,,,
v1,weighting,1,False,40,13,1,22.0055,1.22542,45.8178,22.0055
v1,weighting,1,False,50,13,2,4.94289,-12.9279,22.7396,22.0055
v1,weighting,1,False,75,13,10,6.78502,-3.67697,16.3383,24.9165
v1,weighting,1,False,100,13,12,6.90381,-4.37643,15.784,24.9165
v1,weighting,1,True,5,13,0,,,,
v1,weighting,1,True,10,13,0,,,,
v1,weighting,1,True,20,13,0,,,,
v1,weighting,1,True,30,13,1,22.0055,1.22542,45.8178,22.0055
v1,weighting,1,True,40,13,1,22.0055,1.22542,45.8178,22.0055
v1,weighting,1,True,50,13,3,-4.97505,-22.3487,13.4456,24.8109
v1,weighting,1,True,75,13,10,6.78502,-3.67697,16.3383,24.9165
v1,weighting,1,True,100,13,12,6.90381,-4.37643,15.784,24.9165
v1,weighting,2,False,5,12,0,,,,
v1,weighting,2,False,10,12,0,,,,
v1,weighting,2,False,20,12,0,,,,
v1,weighting,2,False,30,12,0,,,,
v1,weighting,2,False,40,12,1,-5.62944,-34.5086,21.9707,5.62944
v1,weighting,2,False,50,12,3,14.0321,-0.795091,29.1864,28.3823
v1,weighting,2,False,75,12,6,10.9552,-2.11176,24.3405,28.6937
v1,weighting,2,False,100,12,11,7.43118,-4.00808,18.2651,47.9024
v1,weighting,2,True,5,12,0,,,,
v1,weighting,2,True,10,12,0,,,,
v1,weighting,2,True,20,12,0,,,,
v1,weighting,2,True,30,12,0,,,,
v1,weighting,2,True,40,12,1,-5.62944,-34.5086,21.9707,5.62944
v1,weighting,2,True,50,12,3,14.0321,-0.795091,29.1864,28.3823
v1,weighting,2,True,75,12,6,10.9552,-2.11176,24.3405,28.6937
v1,weighting,2,True,100,12,11,7.43118,-4.00808,18.2651,47.9024
v1,regression,1,False,5,13,0,,,,
v1,regression,1,False,10,13,0,,,,
v1,regression,1,False,20,13,0,,,,
v1,regression,1,False,30,13,0,,,,
v1,regression,1,False,40,13,1,21.5308,1.33816,43.6477,21.5308
v1,regression,1,False,50,13,3,10.5432,-0.87742,23.0024,21.5308
v1,regression,1,False,75,13,11,13.1959,5.68153,20.9951,21.5308
v1,regression,1,False,100,13,13,14.1238,6.81212,21.2551,27.167
v1,regression,1,True,5,13,0,,,,
v1,regression,1,True,10,13,0,,,,
v1,regression,1,True,20,13,0,,,,
v1,regression,1,True,30,13,1,21.5308,1.33816,43.6477,21.5308
v1,regression,1,True,40,13,3,11.7791,-0.106899,24.2737,21.5308
v1,regression,1,True,50,13,4,11.7538,2.11725,22.4617,21.5308
v1,regression,1,True,75,13,11,13.1959,5.68153,20.9951,21.5308
v1,regression,1,True,100,13,13,14.1238,6.81212,21.2551,27.167
v1,regression,2,False,5,12,0,,,,
v1,regression,2,False,10,12,0,,,,
v1,regression,2,False,20,12,0,,,,
v1,regression,2,False,30,12,0,,,,
v1,regression,2,False,40,12,1,-4.59835,-22.7392,14.2675,4.59835
v1,regression,2,False,50,12,3,13.2848,1.25673,26.2282,24.4179
v1,regression,2,False,75,12,8,17.2003,9.51806,25.1798,32.8169
v1,regression,2,False,100,12,11,13.6973,6.51383,21.0363,32.8169
v1,regression,2,True,5,12,0,,,,
v1,regression,2,True,10,12,0,,,,
v1,regression,2,True,20,12,0,,,,
v1,regression,2,True,30,12,0,,,,
v1,regression,2,True,40,12,2,7.71831,-6.04,21.9004,20.035
v1,regression,2,True,50,12,3,13.2848,1.25673,26.2282,24.4179
v1,regression,2,True,75,12,8,17.2003,9.51806,25.1798,32.8169
v1,regression,2,True,100,12,11,13.6973,6.51383,21.0363,32.8169
v2,weighting,1,False,5,11,0,,,,
v2,weighting,1,False,10,11,0,,,,
v2,weighting,1,False,20,11,0,,,,
v2,weighting,1,False,30,11,0,,,,
v2,weighting,1,False,40,11,1,6.09249,-17.5977,30.8814,6.09249
v2,weighting,1,False,50,11,3,0.376263,-13.0711,14.5015,8.90333
v2,weighting,1,False,75,11,10,-5.1439,-16.9356,5.97608,38.6939
v2,weighting,1,False,100,11,10,-5.1439,-16.9356,5.97608,38.6939
v2,weighting,1,True,5,11,0,,,,
v2,weighting,1,True,10,11,0,,,,
v2,weighting,1,True,20,11,0,,,,
v2,weighting,1,True,30,11,0,,,,
v2,weighting,1,True,40,11,4,-6.23695,-22.1545,11.1247,38.6939
v2,weighting,1,True,50,11,6,-4.98525,-16.7741,7.73497,38.6939
v2,weighting,1,True,75,11,11,-5.26915,-16.5201,4.98921,38.6939
v2,weighting,1,True,100,11,11,-5.26915,-16.5201,4.98921,38.6939
v2,weighting,2,False,5,8,0,,,,
v2,weighting,2,False,10,8,0,,,,
v2,weighting,2,False,20,8,0,,,,
v2,weighting,2,False,30,8,0,,,,
v2,weighting,2,False,40,8,1,24.7328,-1.96943,53.2106,24.7328
v2,weighting,2,False,50,8,4,16.0704,2.99926,30.5723,30.1319
v2,weighting,2,False,75,8,6,11.5701,-0.783242,24.5451,30.1319
v2,weighting,2,False,100,8,8,6.13663,-5.87045,18.7194,30.1319
v2,weighting,2,True,5,8,0,,,,
v2,weighting,2,True,10,8,0,,,,
v2,weighting,2,True,20,8,0,,,,
v2,weighting,2,True,30,8,0,,,,
v2,weighting,2,True,40,8,1,24.7328,-1.96943,53.2106,24.7328
v2,weighting,2,True,50,8,5,15.9838,3.72267,29.1297,30.1319
v2,weighting,2,True,75,8,6,11.5701,-0.783242,24.5451,30.1319
v2,weighting,2,True,100,8,8,6.13663,-5.87045,18.7194,30.1319
v2,regression,1,False,5,11,0,,,,
v2,regression,1,False,10,11,0,,,,
v2,regression,1,False,20,11,0,,,,
v2,regression,1,False,30,11,2,8.49241,-5.48746,23.5133,10.4443
v2,regression,1,False,40,11,2,8.49241,-5.48746,23.5133,10.4443
v2,regression,1,False,50,11,4,8.99159,-2.50485,20.7205,11.1772
v2,regression,1,False,75,11,11,1.48236,-6.46133,9.3365,23.5134
v2,regression,1,False,100,11,11,1.48236,-6.46133,9.3365,23.5134
v2,regression,1,True,5,11,0,,,,
v2,regression,1,True,10,11,0,,,,
v2,regression,1,True,20,11,1,10.4443,-8.41594,30.1554,10.4443
v2,regression,1,True,30,11,3,3.18889,-10.3409,17.3062,10.4443
v2,regression,1,True,40,11,4,5.18597,-7.09976,17.3343,11.1772
v2,regression,1,True,50,11,5,5.70964,-5.935,17.2123,11.1772
v2,regression,1,True,75,11,11,1.48236,-6.46133,9.3365,23.5134
v2,regression,1,True,100,11,11,1.48236,-6.46133,9.3365,23.5134
v2,regression,2,False,5,8,0,,,,
v2,regression,2,False,10,8,0,,,,
v2,regression,2,False,20,8,0,,,,
v2,regression,2,False,30,8,2,7.20386,-7.88365,23.221,21.2632
v2,regression,2,False,40,8,5,8.80897,-1.59503,19.7245,21.2632
v2,regression,2,False,50,8,5,8.80897,-1.59503,19.7245,21.2632
v2,regression,2,False,75,8,8,6.27271,-2.46051,15.188,21.2632
v2,regression,2,False,100,8,8,6.27271,-2.46051,15.188,21.2632
v2,regression,2,True,5,8,0,,,,
v2,regression,2,True,10,8,0,,,,
v2,regression,2,True,20,8,0,,,,
v2,regression,2,True,30,8,4,6.99481,-4.76312,18.6599,21.2632
v2,regression,2,True,40,8,5,8.80897,-1.59503,19.7245,21.2632
v2,regression,2,True,50,8,5,8.80897,-1.59503,19.7245,21.2632
v2,regression,2,True,75,8,8,6.27271,-2.46051,15.188,21.2632
v2,regression,2,True,100,8,8,6.27271,-2.46051,15.188,21.2632
