campaign,window,estimator,published,prototype,as_of,production,households_prototype,households_as_of,households_production,published_effective_controls,effective_controls,published_auc,auc
4,main,regression,26.51952062,26.51952062,26.82218901,26.50096912,2469,2322,2266,973.0559084,973.0559084,0.8026552516,0.8026552516
4,main,weighting,24.32455336,24.32455336,24.28943822,24.30042474,2469,2322,2266,973.0559084,973.0559084,0.8026552516,0.8026552516
4,placebo,regression,1.290489958,1.290489958,1.459695982,0.9623780396,2469,2322,2168,993.3545079,993.3545079,0.8032652977,0.8032652977
4,placebo,weighting,1.106282158,1.106282158,1.013166906,2.516253081,2469,2322,2168,993.3545079,993.3545079,0.8032652977,0.8032652977
5,main,regression,25.83449737,25.83449737,25.65609716,25.795535,2469,2327,2287,404.4977854,404.4977854,0.8388613071,0.8388613071
5,main,weighting,3.948848397,3.948848397,3.117312129,2.870120918,2469,2327,2287,404.4977854,404.4977854,0.8388613071,0.8388613071
5,placebo,regression,13.37914906,13.37914906,13.45717758,13.40470949,2469,2327,2198,392.3180458,392.3180458,0.8397192766,0.8397192766
5,placebo,weighting,-9.406107607,-9.406107607,-9.585330884,-9.759263747,2469,2327,2198,392.3180458,392.3180458,0.8397192766,0.8397192766
6,main,regression,35.55377887,35.55377887,35.43153383,35.46828599,2469,2352,2316,334.292125,334.292125,0.8978369384,0.8978369384
6,main,weighting,37.79784203,37.79784203,37.78626736,37.78416363,2469,2352,2316,334.292125,334.292125,0.8978369384,0.8978369384
6,placebo,regression,24.12012701,24.12012701,23.98114134,24.21153166,2469,2352,2246,291.1632025,291.1632025,0.9219185972,0.9219185972
6,placebo,weighting,14.38889022,14.38889022,14.3884259,14.3878973,2469,2352,2246,291.1632025,291.1632025,0.9219185972,0.9219185972
7,main,regression,24.24466954,24.24466954,24.06503028,24.1682063,2469,2360,2321,678.538814,678.538814,0.8360520662,0.8360520662
7,main,weighting,22.7082775,22.7082775,22.44797426,22.41229596,2469,2360,2321,678.538814,678.538814,0.8360520662,0.8360520662
7,placebo,regression,27.13390372,27.13390372,27.10704948,27.16697476,2469,2360,2261,759.4210217,759.4210217,0.8155398103,0.8155398103
7,placebo,weighting,25.12625219,25.12625219,24.98099188,24.91648985,2469,2360,2261,759.4210217,759.4210217,0.8155398103,0.8155398103
8,main,regression,15.70275354,15.70275354,15.93081268,16.05151471,2469,2378,2342,7.793301324,7.793301324,0.8642028518,0.8642028518
8,main,weighting,-67.51630984,-67.51630984,-67.5689211,-67.85046133,2469,2378,2342,7.793301324,7.793301324,0.8642028518,0.8642028518
8,placebo,regression,15.99413088,15.99413088,16.31083187,16.32450978,2469,2378,2300,4.118689566,4.118689566,0.8770268629,0.8770268629
8,placebo,weighting,-62.41865339,-62.41865339,-62.99764274,-64.78088232,2469,2378,2300,4.118689566,4.118689566,0.8770268629,0.8770268629
9,main,regression,-12.48892208,-12.48892208,-12.51616369,-12.51162642,2469,2391,2372,962.9694166,962.9694166,0.7804037981,0.7804037981
9,main,weighting,-14.42117459,-14.42117459,-14.47799062,-14.46178589,2469,2391,2372,962.9694166,962.9694166,0.7804037981,0.7804037981
9,placebo,regression,21.2106181,21.2106181,21.36245544,21.53079646,2469,2391,2330,931.3904266,931.3904266,0.7881720057,0.7881720057
9,placebo,weighting,22.05981555,22.05981555,22.01791499,22.00551458,2469,2391,2330,931.3904266,931.3904266,0.7881720057,0.7881720057
10,main,regression,4.332578492,4.332578492,4.309618815,4.313697249,2469,2412,2391,480.7544521,480.7544521,0.8462163586,0.8462163586
10,main,weighting,3.083726715,3.083726715,2.961539574,2.951170277,2469,2412,2391,480.7544521,480.7544521,0.8462163586,0.8462163586
10,placebo,regression,11.31119298,11.31119298,11.28766853,11.28777007,2469,2412,2372,558.0425999,558.0425999,0.841052752,0.841052752
10,placebo,weighting,14.13743977,14.13743977,14.04124781,13.98652951,2469,2412,2372,558.0425999,558.0425999,0.841052752,0.841052752
11,main,regression,7.605924436,7.605924436,7.633098233,7.580473321,2469,2420,2403,518.3578361,518.3578361,0.8583272893,0.8583272893
11,main,weighting,0.6003679615,0.6003679615,0.535381492,0.5230848951,2469,2420,2403,518.3578361,518.3578361,0.8583272893,0.8583272893
11,placebo,regression,-1.581719643,-1.581719643,-1.516320094,-1.578942332,2469,2420,2384,553.5106897,553.5106897,0.8496031664,0.8496031664
11,placebo,weighting,-12.05259379,-12.05259379,-12.09296878,-12.119738,2469,2420,2384,553.5106897,553.5106897,0.8496031664,0.8496031664
12,main,regression,29.44359185,29.44359185,29.3738742,29.45150307,2469,2420,2403,401.7514898,401.7514898,0.8450937748,0.8450937748
12,main,weighting,10.85021624,10.85021624,10.30972116,10.17368904,2469,2420,2403,401.7514898,401.7514898,0.8450937748,0.8450937748
12,placebo,regression,17.91752084,17.91752084,17.83267365,17.89193401,2469,2420,2384,657.9679799,657.9679799,0.8212291789,0.8212291789
12,placebo,weighting,8.702575951,8.702575951,8.304920262,8.033772724,2469,2420,2384,657.9679799,657.9679799,0.8212291789,0.8212291789
13,main,regression,15.29557203,15.29557203,15.33577004,15.35089468,2469,2435,2420,7.255022759,7.255022759,0.9194581853,0.9194581853
13,main,weighting,-114.4001443,-114.4001443,-114.7639042,-114.9303519,2469,2435,2420,7.255022759,7.255022759,0.9194581853,0.9194581853
13,placebo,regression,22.98076498,22.98076498,23.02142695,22.93649489,2469,2435,2403,6.743875826,6.743875826,0.9180304085,0.9180304085
13,placebo,weighting,-134.6777216,-134.6777216,-134.4022815,-134.1161203,2469,2435,2403,6.743875826,6.743875826,0.9180304085,0.9180304085
14,main,regression,30.93095443,30.93095443,30.94617922,30.93574716,2469,2447,2433,421.1177688,421.1177688,0.8562917595,0.8562917595
14,main,weighting,9.735897505,9.735897505,9.642481987,9.590630525,2469,2447,2433,421.1177688,421.1177688,0.8562917595,0.8562917595
14,placebo,regression,-9.561107283,-9.561107283,-9.577019993,-9.533611927,2469,2447,2419,399.5763695,399.5763695,0.8733385698,0.8733385698
14,placebo,weighting,-13.02583902,-13.02583902,-13.26703691,-13.55577266,2469,2447,2419,399.5763695,399.5763695,0.8733385698,0.8733385698
16,main,regression,10.68048617,10.68048617,10.67120049,10.67171651,2469,2452,2447,392.2296738,392.2296738,0.8559667279,0.8559667279
16,main,weighting,-6.432588792,-6.432588792,-6.573352018,-6.611470205,2469,2452,2447,392.2296738,392.2296738,0.8559667279,0.8559667279
16,placebo,regression,15.38898311,15.38898311,15.38634843,15.38557814,2469,2452,2436,416.9522839,416.9522839,0.8513926329,0.8513926329
16,placebo,weighting,2.230460999,2.230460999,2.183417161,2.144905287,2469,2452,2436,416.9522839,416.9522839,0.8513926329,0.8513926329
17,main,regression,-2.084889568,-2.084889568,-2.074280386,-2.077791327,2469,2458,2451,550.2820027,550.2820027,0.8634388362,0.8634388362
17,main,weighting,3.284942755,3.284942755,3.282116378,3.281095426,2469,2458,2451,550.2820027,550.2820027,0.8634388362,0.8634388362
17,placebo,regression,15.1734683,15.1734683,15.18778061,15.17842501,2469,2458,2439,563.7804197,563.7804197,0.8471417278,0.8471417278
17,placebo,weighting,15.00617978,15.00617978,15.00232666,14.99612469,2469,2458,2439,563.7804197,563.7804197,0.8471417278,0.8471417278
18,main,regression,12.12448827,12.12448827,12.12264636,12.20995604,2469,2462,2452,7.530927215,7.530927215,0.9003123497,0.9003123497
18,main,weighting,-164.1947574,-164.1947574,-164.2854399,-164.4198482,2469,2462,2452,7.530927215,7.530927215,0.9003123497,0.9003123497
18,placebo,regression,19.1489647,19.1489647,19.1544449,19.15527307,2469,2462,2447,21.95245703,21.95245703,0.8995014164,0.8995014164
18,placebo,weighting,-146.9343435,-146.9343435,-146.9813736,-147.1022856,2469,2462,2447,21.95245703,21.95245703,0.8995014164,0.8995014164
19,main,regression,23.73998728,23.73998728,23.73758515,23.74644321,2469,2466,2458,776.6529104,776.6529104,0.8079290953,0.8079290953
19,main,weighting,29.85405127,29.85405127,29.84879573,29.85084068,2469,2466,2458,776.6529104,776.6529104,0.8079290953,0.8079290953
19,placebo,regression,17.54671951,17.54671951,17.54891301,17.55658522,2469,2466,2451,798.8650826,798.8650826,0.8140099319,0.8140099319
19,placebo,weighting,20.11370386,20.11370386,20.11211217,20.10622635,2469,2466,2451,798.8650826,798.8650826,0.8140099319,0.8140099319
20,main,regression,30.55283462,30.55283462,30.55469481,30.52275206,2469,2468,2462,268.6687639,268.6687639,0.8795726653,0.8795726653
20,main,weighting,16.33662277,16.33662277,16.33518169,16.32820035,2469,2468,2462,268.6687639,268.6687639,0.8795726653,0.8795726653
20,placebo,regression,11.67941392,11.67941392,11.68083602,11.67761196,2469,2468,2452,152.2779123,152.2779123,0.895826119,0.895826119
20,placebo,weighting,-24.78942326,-24.78942326,-24.79096504,-24.81092138,2469,2468,2452,152.2779123,152.2779123,0.895826119,0.895826119
