method,placebo,campaigns_in_registry,standard_error_of_one_campaign,measured_correlation,assumed_correlation,campaigns,true_mean_placebo,pooled_standard_error,passes,campaigns_for_interval_to_fit,campaigns_for_80_percent
weighting,prehistory_placebo,13,24.6452,0.00806698,0,13,0,6.83536,0,94,256
weighting,prehistory_placebo,13,24.6452,0.00806698,0,13,5,6.83536,0,94,256
weighting,prehistory_placebo,13,24.6452,0.00806698,0,25,0,4.92905,0,94,256
weighting,prehistory_placebo,13,24.6452,0.00806698,0,25,5,4.92905,0,94,256
weighting,prehistory_placebo,13,24.6452,0.00806698,0,50,0,3.48536,0,94,256
weighting,prehistory_placebo,13,24.6452,0.00806698,0,50,5,3.48536,0,94,256
weighting,prehistory_placebo,13,24.6452,0.00806698,0,100,0,2.46452,0.0548716,94,256
weighting,prehistory_placebo,13,24.6452,0.00806698,0,100,5,2.46452,0.00703043,94,256
weighting,prehistory_placebo,13,24.6452,0.00806698,0,200,0,1.74268,0.636744,94,256
weighting,prehistory_placebo,13,24.6452,0.00806698,0,200,5,1.74268,0.0249211,94,256
weighting,prehistory_placebo,13,24.6452,0.00806698,0,400,0,1.23226,0.964061,94,256
weighting,prehistory_placebo,13,24.6452,0.00806698,0,400,5,1.23226,0.025,94,256
weighting,prehistory_placebo,13,24.6452,0.00806698,0.01,13,0,7.23386,0,1386,
weighting,prehistory_placebo,13,24.6452,0.00806698,0.01,13,5,7.23386,0,1386,
weighting,prehistory_placebo,13,24.6452,0.00806698,0.01,25,0,5.48875,0,1386,
weighting,prehistory_placebo,13,24.6452,0.00806698,0.01,25,5,5.48875,0,1386,
weighting,prehistory_placebo,13,24.6452,0.00806698,0.01,50,0,4.25443,0,1386,
weighting,prehistory_placebo,13,24.6452,0.00806698,0.01,50,5,4.25443,0,1386,
weighting,prehistory_placebo,13,24.6452,0.00806698,0.01,100,0,3.47664,0,1386,
weighting,prehistory_placebo,13,24.6452,0.00806698,0.01,100,5,3.47664,0,1386,
weighting,prehistory_placebo,13,24.6452,0.00806698,0.01,200,0,3.01338,0,1386,
weighting,prehistory_placebo,13,24.6452,0.00806698,0.01,200,5,3.01338,0,1386,
weighting,prehistory_placebo,13,24.6452,0.00806698,0.01,400,0,2.75266,0,1386,
weighting,prehistory_placebo,13,24.6452,0.00806698,0.01,400,5,2.75266,0,1386,
weighting,prehistory_placebo,13,24.6452,0.00806698,0.03,13,0,7.97133,0,,
weighting,prehistory_placebo,13,24.6452,0.00806698,0.03,13,5,7.97133,0,,
weighting,prehistory_placebo,13,24.6452,0.00806698,0.03,25,0,6.46438,0,,
weighting,prehistory_placebo,13,24.6452,0.00806698,0.03,25,5,6.46438,0,,
weighting,prehistory_placebo,13,24.6452,0.00806698,0.03,50,0,5.47768,0,,
weighting,prehistory_placebo,13,24.6452,0.00806698,0.03,50,5,5.47768,0,,
weighting,prehistory_placebo,13,24.6452,0.00806698,0.03,100,0,4.91053,0,,
weighting,prehistory_placebo,13,24.6452,0.00806698,0.03,100,5,4.91053,0,,
weighting,prehistory_placebo,13,24.6452,0.00806698,0.03,200,0,4.60081,0,,
weighting,prehistory_placebo,13,24.6452,0.00806698,0.03,200,5,4.60081,0,,
weighting,prehistory_placebo,13,24.6452,0.00806698,0.03,400,0,4.43785,0,,
weighting,prehistory_placebo,13,24.6452,0.00806698,0.03,400,5,4.43785,0,,
weighting,shifted_placebo,13,19.404,0.00547327,0,13,0,5.38169,0,58,159
weighting,shifted_placebo,13,19.404,0.00547327,0,13,5,5.38169,0,58,159
weighting,shifted_placebo,13,19.404,0.00547327,0,25,0,3.88079,0,58,159
weighting,shifted_placebo,13,19.404,0.00547327,0,25,5,3.88079,0,58,159
weighting,shifted_placebo,13,19.404,0.00547327,0,50,0,2.74413,0,58,159
weighting,shifted_placebo,13,19.404,0.00547327,0,50,5,2.74413,0,58,159
weighting,shifted_placebo,13,19.404,0.00547327,0,100,0,1.9404,0.462653,58,159
weighting,shifted_placebo,13,19.404,0.00547327,0,100,5,1.9404,0.0242975,58,159
weighting,shifted_placebo,13,19.404,0.00547327,0,200,0,1.37207,0.907852,58,159
weighting,shifted_placebo,13,19.404,0.00547327,0,200,5,1.37207,0.025,58,159
weighting,shifted_placebo,13,19.404,0.00547327,0,400,0,0.970198,0.998595,58,159
weighting,shifted_placebo,13,19.404,0.00547327,0,400,5,0.970198,0.025,58,159
weighting,shifted_placebo,13,19.404,0.00547327,0.01,13,0,5.69545,0,136,
weighting,shifted_placebo,13,19.404,0.00547327,0.01,13,5,5.69545,0,136,
weighting,shifted_placebo,13,19.404,0.00547327,0.01,25,0,4.32147,0,136,
weighting,shifted_placebo,13,19.404,0.00547327,0.01,25,5,4.32147,0,136,
weighting,shifted_placebo,13,19.404,0.00547327,0.01,50,0,3.34964,0,136,
weighting,shifted_placebo,13,19.404,0.00547327,0.01,50,5,3.34964,0,136,
weighting,shifted_placebo,13,19.404,0.00547327,0.01,100,0,2.73727,0,136,
weighting,shifted_placebo,13,19.404,0.00547327,0.01,100,5,2.73727,0,136,
weighting,shifted_placebo,13,19.404,0.00547327,0.01,200,0,2.37253,0.117258,136,
weighting,shifted_placebo,13,19.404,0.00547327,0.01,200,5,2.37253,0.0129318,136,
weighting,shifted_placebo,13,19.404,0.00547327,0.01,400,0,2.16726,0.271482,136,
weighting,shifted_placebo,13,19.404,0.00547327,0.01,400,5,2.16726,0.0210247,136,
weighting,shifted_placebo,13,19.404,0.00547327,0.03,13,0,6.27608,0,,
weighting,shifted_placebo,13,19.404,0.00547327,0.03,13,5,6.27608,0,,
weighting,shifted_placebo,13,19.404,0.00547327,0.03,25,0,5.08961,0,,
weighting,shifted_placebo,13,19.404,0.00547327,0.03,25,5,5.08961,0,,
weighting,shifted_placebo,13,19.404,0.00547327,0.03,50,0,4.31275,0,,
weighting,shifted_placebo,13,19.404,0.00547327,0.03,50,5,4.31275,0,,
weighting,shifted_placebo,13,19.404,0.00547327,0.03,100,0,3.86621,0,,
weighting,shifted_placebo,13,19.404,0.00547327,0.03,100,5,3.86621,0,,
weighting,shifted_placebo,13,19.404,0.00547327,0.03,200,0,3.62236,0,,
weighting,shifted_placebo,13,19.404,0.00547327,0.03,200,5,3.62236,0,,
weighting,shifted_placebo,13,19.404,0.00547327,0.03,400,0,3.49406,0,,
weighting,shifted_placebo,13,19.404,0.00547327,0.03,400,5,3.49406,0,,
regression,prehistory_placebo,13,12.5449,-0.00262452,0,13,0,3.47932,0,25,67
regression,prehistory_placebo,13,12.5449,-0.00262452,0,13,5,3.47932,0,25,67
regression,prehistory_placebo,13,12.5449,-0.00262452,0,25,0,2.50898,0.0262301,25,67
regression,prehistory_placebo,13,12.5449,-0.00262452,0,25,5,2.50898,0.00360351,25,67
regression,prehistory_placebo,13,12.5449,-0.00262452,0,50,0,1.77411,0.609297,25,67
regression,prehistory_placebo,13,12.5449,-0.00262452,0,50,5,1.77411,0.0248818,25,67
regression,prehistory_placebo,13,12.5449,-0.00262452,0,100,0,1.25449,0.957207,25,67
regression,prehistory_placebo,13,12.5449,-0.00262452,0,100,5,1.25449,0.025,25,67
regression,prehistory_placebo,13,12.5449,-0.00262452,0,200,0,0.887057,0.999764,25,67
regression,prehistory_placebo,13,12.5449,-0.00262452,0,200,5,0.887057,0.025,25,67
regression,prehistory_placebo,13,12.5449,-0.00262452,0,400,0,0.627244,1,25,67
regression,prehistory_placebo,13,12.5449,-0.00262452,0,400,5,0.627244,0.025,25,67
regression,prehistory_placebo,13,12.5449,-0.00262452,0.01,13,0,3.68217,0,32,194
regression,prehistory_placebo,13,12.5449,-0.00262452,0.01,13,5,3.68217,0,32,194
regression,prehistory_placebo,13,12.5449,-0.00262452,0.01,25,0,2.79388,0,32,194
regression,prehistory_placebo,13,12.5449,-0.00262452,0.01,25,5,2.79388,0,32,194
regression,prehistory_placebo,13,12.5449,-0.00262452,0.01,50,0,2.16558,0.272823,32,194
regression,prehistory_placebo,13,12.5449,-0.00262452,0.01,50,5,2.16558,0.0210666,32,194
regression,prehistory_placebo,13,12.5449,-0.00262452,0.01,100,0,1.76967,0.613189,32,194
regression,prehistory_placebo,13,12.5449,-0.00262452,0.01,100,5,1.76967,0.0248882,32,194
regression,prehistory_placebo,13,12.5449,-0.00262452,0.01,200,0,1.53387,0.806322,32,194
regression,prehistory_placebo,13,12.5449,-0.00262452,0.01,200,5,1.53387,0.0249974,32,194
regression,prehistory_placebo,13,12.5449,-0.00262452,0.01,400,0,1.40116,0.892278,32,194
regression,prehistory_placebo,13,12.5449,-0.00262452,0.01,400,5,1.40116,0.0249999,32,194
regression,prehistory_placebo,13,12.5449,-0.00262452,0.03,13,0,4.05755,0,86,
regression,prehistory_placebo,13,12.5449,-0.00262452,0.03,13,5,4.05755,0,86,
regression,prehistory_placebo,13,12.5449,-0.00262452,0.03,25,0,3.29049,0,86,
regression,prehistory_placebo,13,12.5449,-0.00262452,0.03,25,5,3.29049,0,86,
regression,prehistory_placebo,13,12.5449,-0.00262452,0.03,50,0,2.78824,0,86,
regression,prehistory_placebo,13,12.5449,-0.00262452,0.03,50,5,2.78824,0,86,
regression,prehistory_placebo,13,12.5449,-0.00262452,0.03,100,0,2.49955,0.0322225,86,
regression,prehistory_placebo,13,12.5449,-0.00262452,0.03,100,5,2.49955,0.00436245,86,
regression,prehistory_placebo,13,12.5449,-0.00262452,0.03,200,0,2.3419,0.138965,86,
regression,prehistory_placebo,13,12.5449,-0.00262452,0.03,200,5,2.3419,0.014558,86,
regression,prehistory_placebo,13,12.5449,-0.00262452,0.03,400,0,2.25895,0.200083,86,
regression,prehistory_placebo,13,12.5449,-0.00262452,0.03,400,5,2.25895,0.018185,86,
regression,shifted_placebo,13,12.8682,0.0215417,0,13,0,3.56898,0,26,70
regression,shifted_placebo,13,12.8682,0.0215417,0,13,5,3.56898,0,26,70
regression,shifted_placebo,13,12.8682,0.0215417,0,25,0,2.57363,0,26,70
regression,shifted_placebo,13,12.8682,0.0215417,0,25,5,2.57363,0,26,70
regression,shifted_placebo,13,12.8682,0.0215417,0,50,0,1.81983,0.569036,26,70
regression,shifted_placebo,13,12.8682,0.0215417,0,50,5,1.81983,0.0247962,26,70
regression,shifted_placebo,13,12.8682,0.0215417,0,100,0,1.28682,0.945845,26,70
regression,shifted_placebo,13,12.8682,0.0215417,0,100,5,1.28682,0.025,26,70
regression,shifted_placebo,13,12.8682,0.0215417,0,200,0,0.909916,0.999592,26,70
regression,shifted_placebo,13,12.8682,0.0215417,0,200,5,0.909916,0.025,26,70
regression,shifted_placebo,13,12.8682,0.0215417,0,400,0,0.643408,1,26,70
regression,shifted_placebo,13,12.8682,0.0215417,0,400,5,0.643408,0.025,26,70
regression,shifted_placebo,13,12.8682,0.0215417,0.01,13,0,3.77706,0,34,227
regression,shifted_placebo,13,12.8682,0.0215417,0.01,13,5,3.77706,0,34,227
regression,shifted_placebo,13,12.8682,0.0215417,0.01,25,0,2.86587,0,34,227
regression,shifted_placebo,13,12.8682,0.0215417,0.01,25,5,2.86587,0,34,227
regression,shifted_placebo,13,12.8682,0.0215417,0.01,50,0,2.22139,0.228858,34,227
regression,shifted_placebo,13,12.8682,0.0215417,0.01,50,5,2.22139,0.0194847,34,227
regression,shifted_placebo,13,12.8682,0.0215417,0.01,100,0,1.81528,0.57306,34,227
regression,shifted_placebo,13,12.8682,0.0215417,0.01,100,5,1.81528,0.0248065,34,227
regression,shifted_placebo,13,12.8682,0.0215417,0.01,200,0,1.57339,0.776732,34,227
regression,shifted_placebo,13,12.8682,0.0215417,0.01,200,5,1.57339,0.0249945,34,227
regression,shifted_placebo,13,12.8682,0.0215417,0.01,400,0,1.43726,0.871205,34,227
regression,shifted_placebo,13,12.8682,0.0215417,0.01,400,5,1.43726,0.0249997,34,227
regression,shifted_placebo,13,12.8682,0.0215417,0.03,13,0,4.16211,0,105,
regression,shifted_placebo,13,12.8682,0.0215417,0.03,13,5,4.16211,0,105,
regression,shifted_placebo,13,12.8682,0.0215417,0.03,25,0,3.37528,0,105,
regression,shifted_placebo,13,12.8682,0.0215417,0.03,25,5,3.37528,0,105,
regression,shifted_placebo,13,12.8682,0.0215417,0.03,50,0,2.86009,0,105,
regression,shifted_placebo,13,12.8682,0.0215417,0.03,50,5,2.86009,0,105,
regression,shifted_placebo,13,12.8682,0.0215417,0.03,100,0,2.56396,0,105,
regression,shifted_placebo,13,12.8682,0.0215417,0.03,100,5,2.56396,0,105,
regression,shifted_placebo,13,12.8682,0.0215417,0.03,200,0,2.40225,0.0966427,105,
regression,shifted_placebo,13,12.8682,0.0215417,0.03,200,5,2.40225,0.0111958,105,
regression,shifted_placebo,13,12.8682,0.0215417,0.03,400,0,2.31716,0.156837,105,
regression,shifted_placebo,13,12.8682,0.0215417,0.03,400,5,2.31716,0.0157552,105,
