contract,history_days,method,shift,primary,units,units_with_estimates,published,mean_estimate,mean_estimate_low,mean_estimate_high,mean_prehistory_placebo,mean_prehistory_placebo_low,mean_prehistory_placebo_high,mean_shifted_placebo,mean_shifted_placebo_low,mean_shifted_placebo_high,placebo_difference,placebo_difference_low,placebo_difference_high,estimate_intervals_holding_zero,smallest_tolerance_undocumented,smallest_tolerance_documented,programme_verdict,programme_reasons
v1,56,weighting,0,True,24,13,0,10.6917,-1.13387,20.0984,18.5384,1.67235,29.7272,4.83446,-6.76767,15.6657,13.7039,-4.88679,27.8568,11,29.7272,29.7272,refused,PREHISTORY_POOLED_INCONCLUSIVE ASSIGNMENT_UNDOCUMENTED_POOLED_INCONCLUSIVE
v1,56,weighting,1,True,27,13,0,7.44864,-3.39434,16.1646,23.1562,12.2851,33.0664,5.00517,-5.13517,15.2314,18.151,2.53834,32.6809,11,33.0664,33.0664,refused,PREHISTORY_POOLED_OUTSIDE ASSIGNMENT_UNDOCUMENTED_POOLED_INCONCLUSIVE
v1,56,weighting,2,True,27,12,0,7.51417,-3.41804,18.2248,37.843,27.351,48.5054,4.02087,-5.77707,14.7356,33.8221,18.3261,48.1773,10,48.5054,48.5054,refused,PREHISTORY_POOLED_OUTSIDE ASSIGNMENT_UNDOCUMENTED_POOLED_INCONCLUSIVE
v1,56,regression,0,False,24,13,0,18.0435,11.0492,24.8035,26.3109,19.5436,32.9711,12.7032,4.60937,20.492,13.6077,2.87249,24.661,8,32.9711,32.9711,refused,PREHISTORY_POOLED_OUTSIDE ASSIGNMENT_UNDOCUMENTED_POOLED_INCONCLUSIVE
v1,56,regression,1,False,27,13,0,14.1238,6.81212,21.2551,31.2594,24.437,38.2391,11.1204,4.18148,18.2642,20.139,9.68714,30.6854,10,38.2391,38.2391,refused,PREHISTORY_POOLED_OUTSIDE ASSIGNMENT_UNDOCUMENTED_POOLED_INCONCLUSIVE
v1,56,regression,2,False,27,12,0,13.6717,6.41391,21.3282,43.0054,36.0821,50.2709,8.15568,1.3725,15.6903,34.8497,22.9872,45.9905,9,50.2709,50.2709,refused,PREHISTORY_POOLED_OUTSIDE ASSIGNMENT_UNDOCUMENTED_POOLED_INCONCLUSIVE
v2,112,weighting,0,True,24,9,0,-0.789112,-21.8678,10.9484,34.0507,11.0803,47.8286,-3.58307,-16.072,7.73732,37.6338,14.0707,54.6006,9,47.8286,47.8286,refused,PREHISTORY_POOLED_OUTSIDE ASSIGNMENT_UNDOCUMENTED_POOLED_INCONCLUSIVE
v2,112,weighting,1,True,27,11,0,-5.26915,-16.5201,4.98921,12.4599,1.42502,22.7619,-2.14075,-12.1419,10.1186,14.6006,-1.76715,28.0952,11,22.7619,22.7619,refused,PREHISTORY_POOLED_INCONCLUSIVE ASSIGNMENT_UNDOCUMENTED_POOLED_INCONCLUSIVE
v2,112,weighting,2,True,27,8,0,6.13663,-5.87045,18.7194,10.0021,-3.9048,24.9959,3.1254,-8.36462,15.7148,6.87671,-12.0882,25.6256,7,24.9959,24.9959,refused,PREHISTORY_POOLED_INCONCLUSIVE ASSIGNMENT_UNDOCUMENTED_POOLED_INCONCLUSIVE
v2,112,regression,0,False,24,9,0,6.93174,-0.670407,14.0445,39.8998,31.8461,47.5354,2.92356,-5.12676,11.0822,36.9762,24.6469,48.986,8,47.5354,47.5354,refused,PREHISTORY_POOLED_OUTSIDE ASSIGNMENT_UNDOCUMENTED_POOLED_INCONCLUSIVE
v2,112,regression,1,False,27,11,0,1.48236,-6.46133,9.3365,17.3034,10.2817,24.2261,2.78295,-4.80675,10.3655,14.5204,3.55401,25.6197,10,24.2261,24.2261,refused,PREHISTORY_POOLED_OUTSIDE ASSIGNMENT_UNDOCUMENTED_POOLED_INCONCLUSIVE
v2,112,regression,2,False,27,8,0,6.27271,-2.46051,15.188,13.6981,5.33247,22.7371,3.62737,-4.46365,12.6643,10.0707,-1.67349,22.3827,8,22.7371,22.7371,refused,PREHISTORY_POOLED_OUTSIDE ASSIGNMENT_UNDOCUMENTED_POOLED_INCONCLUSIVE
