method,campaign,households,households_seen_before_window,targeted_without_spending_in_window,comparison_without_spending_in_window,prehistory_placebo,prehistory_placebo_seen_before_window
weighting,4,2266,801,0.0123457,0.143707,33.6625,43.204
weighting,5,2287,1390,0.0060241,0.157944,2.794,-7.77973
weighting,6,2316,1901,0,0.157708,55.2477,54.5709
weighting,7,2321,1966,0.020202,0.177108,26.794,26.1346
weighting,9,2372,2206,0,0.173497,-3.07395,-4.06117
weighting,10,2391,2289,0.0243902,0.184744,17.7453,17.3356
weighting,11,2403,2316,0.0046729,0.179077,36.3867,36.2181
weighting,12,2403,2316,0.0235294,0.174205,16.7234,14.3931
weighting,14,2433,2384,0.03125,0.175192,38.3116,38.0054
weighting,16,2447,2403,0.00531915,0.179726,-1.62548,-1.68464
weighting,17,2451,2412,0.00990099,0.193864,38.4429,38.3584
weighting,19,2458,2426,0,0.194588,-3.61452,-3.51028
weighting,20,2462,2433,0.0245902,0.206041,-16.795,-16.8127
regression,4,2266,801,0.0123457,0.143707,36.5747,45.3124
regression,5,2287,1390,0.0060241,0.157944,24.868,19.0351
regression,6,2316,1901,0,0.157708,55.7305,54.6995
regression,7,2321,1966,0.020202,0.177108,27.2219,26.4331
regression,9,2372,2206,0,0.173497,-1.44449,-2.90665
regression,10,2391,2289,0.0243902,0.184744,26.3816,25.8759
regression,11,2403,2316,0.0046729,0.179077,33.9342,33.8469
regression,12,2403,2316,0.0235294,0.174205,37.9843,37.634
regression,14,2433,2384,0.03125,0.175192,37.1996,37.2239
regression,16,2447,2403,0.00531915,0.179726,11.3129,10.7928
regression,17,2451,2412,0.00990099,0.193864,34.8274,34.4766
regression,19,2458,2426,0,0.194588,2.71259,2.76894
regression,20,2462,2433,0.0245902,0.206041,14.7389,14.7092
