campaign,window,targeted,comparison,gap
4,-3,285.958,143.512,142.446
4,-2,268.422,150.258,118.164
4,-1,266.623,149.007,117.616
4,0,276.311,145.353,130.958
5,-3,338.616,135.03,203.587
5,-2,350.26,135.793,214.467
5,-1,333.077,134.974,198.103
5,0,335.447,133.555,201.892
6,-3,429.619,141.325,288.293
6,-2,412.021,142.426,269.595
6,-1,403.833,142.085,261.747
6,0,417.82,145.389,272.431
7,-4,322.04,130.163,191.877
7,-3,305.162,137.257,167.904
7,-2,281.573,135.716,145.857
7,-1,293.95,135.863,158.087
7,0,306.157,141.065,165.091
9,-5,245.028,137.161,107.867
9,-4,227.528,138.438,89.0897
9,-3,241.464,138.631,102.833
9,-2,239.277,136.226,103.05
9,-1,260.855,145.533,115.321
9,0,229.06,139.226,89.8339
10,-6,347.281,132.988,214.293
10,-5,376.555,131.278,245.276
10,-4,377.515,132.494,245.021
10,-3,330.418,132.55,197.867
10,-2,335.41,142.966,192.444
10,-1,319.688,135.606,184.082
10,0,312.743,140.954,171.789
11,-6,351.678,123.704,227.974
11,-5,368.203,122.698,245.505
11,-4,319.425,126.874,192.551
11,-3,332.973,130.105,202.868
11,-2,329.838,132.885,196.953
11,-1,300.835,132.705,168.131
11,0,300.596,132.028,168.568
12,-6,343.296,128.835,214.461
12,-5,353.761,128.635,225.125
12,-4,340.45,129.067,211.383
12,-3,332.364,134.149,198.215
12,-2,333.301,136.502,196.799
12,-1,317.354,134.76,182.594
12,0,326.797,133.354,193.443
14,-8,383.621,117.594,266.027
14,-7,387.691,117.519,270.173
14,-6,375.806,119.101,256.705
14,-5,369.126,122.817,246.309
14,-4,358.291,127.888,230.403
14,-3,338.344,125.946,212.398
14,-2,328.924,126.085,202.839
14,-1,312.687,124.556,188.131
14,0,318.378,120.911,197.467
16,-8,354.062,124.311,229.752
16,-7,355.22,123.64,231.58
16,-6,377.37,126.211,251.159
16,-5,374.308,128.862,245.445
16,-4,336.457,129.09,207.367
16,-3,339.083,128.695,210.387
16,-2,347.543,124.715,222.829
16,-1,323.75,121.24,202.51
16,0,327.261,126.374,200.887
17,-8,305.833,126.791,179.042
17,-7,325.555,122.5,203.055
17,-6,346.709,131.377,215.332
17,-5,361.627,121.755,239.872
17,-4,345.773,128.772,217.001
17,-3,343.113,127.063,216.05
17,-2,328.938,124.42,204.518
17,-1,312.879,123.761,189.118
17,0,305.698,130.38,175.318
19,-8,276.727,131.139,145.588
19,-7,307.004,139.859,167.145
19,-6,299.395,132.283,167.111
19,-5,309.917,137.099,172.818
19,-4,310.899,135.161,175.738
19,-3,289.027,132.6,156.428
19,-2,291.721,130.419,161.302
19,-1,296.898,136.013,160.886
19,0,313.215,139.722,173.494
20,-8,384.848,117.261,267.586
20,-7,395.579,120.036,275.543
20,-6,364.163,119.544,244.62
20,-5,345.329,120.803,224.526
20,-4,339.485,118.283,221.202
20,-3,318.466,117.78,200.686
20,-2,319.208,120.994,198.214
20,-1,330.296,129.566,200.73
20,0,369.632,132.13,237.502
