contract,method,shift,assignment_documented,tolerance_usd,readouts,published,refused_before_estimation,refused_for_overlap,failing_prehistory_placebo,failing_assignment
v1,weighting,0,False,5,24,0,8,3,13,13
v1,weighting,0,False,10,24,0,8,3,13,13
v1,weighting,0,False,20,24,0,8,3,13,13
v1,weighting,0,False,30,24,0,8,3,12,13
v1,weighting,0,False,40,24,1,8,3,11,10
v1,weighting,0,False,50,24,3,8,3,10,2
v1,weighting,0,False,75,24,10,8,3,2,1
v1,weighting,0,False,100,24,12,8,3,1,0
v1,weighting,0,True,5,24,0,8,3,13,0
v1,weighting,0,True,10,24,0,8,3,13,0
v1,weighting,0,True,20,24,0,8,3,13,0
v1,weighting,0,True,30,24,1,8,3,12,0
v1,weighting,0,True,40,24,2,8,3,11,0
v1,weighting,0,True,50,24,3,8,3,10,0
v1,weighting,0,True,75,24,11,8,3,2,0
v1,weighting,0,True,100,24,12,8,3,1,0
v1,regression,0,False,5,24,0,8,3,13,13
v1,regression,0,False,10,24,0,8,3,13,13
v1,regression,0,False,20,24,0,8,3,13,13
v1,regression,0,False,30,24,0,8,3,11,11
v1,regression,0,False,40,24,3,8,3,9,5
v1,regression,0,False,50,24,6,8,3,7,1
v1,regression,0,False,75,24,12,8,3,1,0
v1,regression,0,False,100,24,13,8,3,0,0
v1,regression,0,True,5,24,0,8,3,13,0
v1,regression,0,True,10,24,0,8,3,13,0
v1,regression,0,True,20,24,0,8,3,13,0
v1,regression,0,True,30,24,2,8,3,11,0
v1,regression,0,True,40,24,4,8,3,9,0
v1,regression,0,True,50,24,6,8,3,7,0
v1,regression,0,True,75,24,12,8,3,1,0
v1,regression,0,True,100,24,13,8,3,0,0
v1,weighting,1,False,5,27,0,11,3,13,13
v1,weighting,1,False,10,27,0,11,3,13,13
v1,weighting,1,False,20,27,0,11,3,13,13
v1,weighting,1,False,30,27,0,11,3,12,13
v1,weighting,1,False,40,27,1,11,3,12,11
v1,weighting,1,False,50,27,2,11,3,10,6
v1,weighting,1,False,75,27,10,11,3,3,1
v1,weighting,1,False,100,27,12,11,3,1,0
v1,weighting,1,True,5,27,0,11,3,13,0
v1,weighting,1,True,10,27,0,11,3,13,0
v1,weighting,1,True,20,27,0,11,3,13,0
v1,weighting,1,True,30,27,1,11,3,12,0
v1,weighting,1,True,40,27,1,11,3,12,0
v1,weighting,1,True,50,27,3,11,3,10,0
v1,weighting,1,True,75,27,10,11,3,3,0
v1,weighting,1,True,100,27,12,11,3,1,0
v1,regression,1,False,5,27,0,11,3,13,13
v1,regression,1,False,10,27,0,11,3,13,13
v1,regression,1,False,20,27,0,11,3,13,13
v1,regression,1,False,30,27,0,11,3,12,12
v1,regression,1,False,40,27,1,11,3,10,6
v1,regression,1,False,50,27,3,11,3,9,2
v1,regression,1,False,75,27,11,11,3,2,0
v1,regression,1,False,100,27,13,11,3,0,0
v1,regression,1,True,5,27,0,11,3,13,0
v1,regression,1,True,10,27,0,11,3,13,0
v1,regression,1,True,20,27,0,11,3,13,0
v1,regression,1,True,30,27,1,11,3,12,0
v1,regression,1,True,40,27,3,11,3,10,0
v1,regression,1,True,50,27,4,11,3,9,0
v1,regression,1,True,75,27,11,11,3,2,0
v1,regression,1,True,100,27,13,11,3,0,0
v1,weighting,2,False,5,27,0,13,2,12,12
v1,weighting,2,False,10,27,0,13,2,12,12
v1,weighting,2,False,20,27,0,13,2,12,12
v1,weighting,2,False,30,27,0,13,2,12,12
v1,weighting,2,False,40,27,1,13,2,11,8
v1,weighting,2,False,50,27,3,13,2,9,3
v1,weighting,2,False,75,27,6,13,2,6,0
v1,weighting,2,False,100,27,11,13,2,1,0
v1,weighting,2,True,5,27,0,13,2,12,0
v1,weighting,2,True,10,27,0,13,2,12,0
v1,weighting,2,True,20,27,0,13,2,12,0
v1,weighting,2,True,30,27,0,13,2,12,0
v1,weighting,2,True,40,27,1,13,2,11,0
v1,weighting,2,True,50,27,3,13,2,9,0
v1,weighting,2,True,75,27,6,13,2,6,0
v1,weighting,2,True,100,27,11,13,2,1,0
v1,regression,2,False,5,27,0,13,2,12,12
v1,regression,2,False,10,27,0,13,2,12,12
v1,regression,2,False,20,27,0,13,2,12,12
v1,regression,2,False,30,27,0,13,2,12,8
v1,regression,2,False,40,27,1,13,2,10,5
v1,regression,2,False,50,27,3,13,2,9,0
v1,regression,2,False,75,27,8,13,2,4,0
v1,regression,2,False,100,27,11,13,2,1,0
v1,regression,2,True,5,27,0,13,2,12,0
v1,regression,2,True,10,27,0,13,2,12,0
v1,regression,2,True,20,27,0,13,2,12,0
v1,regression,2,True,30,27,0,13,2,12,0
v1,regression,2,True,40,27,2,13,2,10,0
v1,regression,2,True,50,27,3,13,2,9,0
v1,regression,2,True,75,27,8,13,2,4,0
v1,regression,2,True,100,27,11,13,2,1,0
v2,weighting,0,False,5,24,0,13,2,9,9
v2,weighting,0,False,10,24,0,13,2,9,9
v2,weighting,0,False,20,24,0,13,2,9,9
v2,weighting,0,False,30,24,0,13,2,9,9
v2,weighting,0,False,40,24,0,13,2,8,5
v2,weighting,0,False,50,24,2,13,2,6,2
v2,weighting,0,False,75,24,4,13,2,5,1
v2,weighting,0,False,100,24,7,13,2,2,0
v2,weighting,0,True,5,24,0,13,2,9,0
v2,weighting,0,True,10,24,0,13,2,9,0
v2,weighting,0,True,20,24,0,13,2,9,0
v2,weighting,0,True,30,24,0,13,2,9,0
v2,weighting,0,True,40,24,1,13,2,8,0
v2,weighting,0,True,50,24,3,13,2,6,0
v2,weighting,0,True,75,24,4,13,2,5,0
v2,weighting,0,True,100,24,7,13,2,2,0
v2,regression,0,False,5,24,0,13,2,9,9
v2,regression,0,False,10,24,0,13,2,9,9
v2,regression,0,False,20,24,0,13,2,9,9
v2,regression,0,False,30,24,0,13,2,9,6
v2,regression,0,False,40,24,1,13,2,7,2
v2,regression,0,False,50,24,2,13,2,7,0
v2,regression,0,False,75,24,7,13,2,2,0
v2,regression,0,False,100,24,9,13,2,0,0
v2,regression,0,True,5,24,0,13,2,9,0
v2,regression,0,True,10,24,0,13,2,9,0
v2,regression,0,True,20,24,0,13,2,9,0
v2,regression,0,True,30,24,0,13,2,9,0
v2,regression,0,True,40,24,2,13,2,7,0
v2,regression,0,True,50,24,2,13,2,7,0
v2,regression,0,True,75,24,7,13,2,2,0
v2,regression,0,True,100,24,9,13,2,0,0
v2,weighting,1,False,5,27,0,14,2,11,11
v2,weighting,1,False,10,27,0,14,2,11,11
v2,weighting,1,False,20,27,0,14,2,11,11
v2,weighting,1,False,30,27,0,14,2,11,10
v2,weighting,1,False,40,27,1,14,2,7,7
v2,weighting,1,False,50,27,3,14,2,5,4
v2,weighting,1,False,75,27,10,14,2,0,1
v2,weighting,1,False,100,27,10,14,2,0,1
v2,weighting,1,True,5,27,0,14,2,11,0
v2,weighting,1,True,10,27,0,14,2,11,0
v2,weighting,1,True,20,27,0,14,2,11,0
v2,weighting,1,True,30,27,0,14,2,11,0
v2,weighting,1,True,40,27,4,14,2,7,0
v2,weighting,1,True,50,27,6,14,2,5,0
v2,weighting,1,True,75,27,11,14,2,0,0
v2,weighting,1,True,100,27,11,14,2,0,0
v2,regression,1,False,5,27,0,14,2,11,11
v2,regression,1,False,10,27,0,14,2,11,11
v2,regression,1,False,20,27,0,14,2,10,11
v2,regression,1,False,30,27,2,14,2,8,5
v2,regression,1,False,40,27,2,14,2,7,3
v2,regression,1,False,50,27,4,14,2,6,1
v2,regression,1,False,75,27,11,14,2,0,0
v2,regression,1,False,100,27,11,14,2,0,0
v2,regression,1,True,5,27,0,14,2,11,0
v2,regression,1,True,10,27,0,14,2,11,0
v2,regression,1,True,20,27,1,14,2,10,0
v2,regression,1,True,30,27,3,14,2,8,0
v2,regression,1,True,40,27,4,14,2,7,0
v2,regression,1,True,50,27,5,14,2,6,0
v2,regression,1,True,75,27,11,14,2,0,0
v2,regression,1,True,100,27,11,14,2,0,0
v2,weighting,2,False,5,27,0,17,2,8,8
v2,weighting,2,False,10,27,0,17,2,8,8
v2,weighting,2,False,20,27,0,17,2,8,8
v2,weighting,2,False,30,27,0,17,2,8,7
v2,weighting,2,False,40,27,1,17,2,7,5
v2,weighting,2,False,50,27,4,17,2,3,2
v2,weighting,2,False,75,27,6,17,2,2,1
v2,weighting,2,False,100,27,8,17,2,0,0
v2,weighting,2,True,5,27,0,17,2,8,0
v2,weighting,2,True,10,27,0,17,2,8,0
v2,weighting,2,True,20,27,0,17,2,8,0
v2,weighting,2,True,30,27,0,17,2,8,0
v2,weighting,2,True,40,27,1,17,2,7,0
v2,weighting,2,True,50,27,5,17,2,3,0
v2,weighting,2,True,75,27,6,17,2,2,0
v2,weighting,2,True,100,27,8,17,2,0,0
v2,regression,2,False,5,27,0,17,2,8,8
v2,regression,2,False,10,27,0,17,2,8,8
v2,regression,2,False,20,27,0,17,2,8,8
v2,regression,2,False,30,27,2,17,2,4,5
v2,regression,2,False,40,27,5,17,2,3,1
v2,regression,2,False,50,27,5,17,2,3,0
v2,regression,2,False,75,27,8,17,2,0,0
v2,regression,2,False,100,27,8,17,2,0,0
v2,regression,2,True,5,27,0,17,2,8,0
v2,regression,2,True,10,27,0,17,2,8,0
v2,regression,2,True,20,27,0,17,2,8,0
v2,regression,2,True,30,27,4,17,2,4,0
v2,regression,2,True,40,27,5,17,2,3,0
v2,regression,2,True,50,27,5,17,2,3,0
v2,regression,2,True,75,27,8,17,2,0,0
v2,regression,2,True,100,27,8,17,2,0,0
