world,households,campaign_reach,assignment_rule,method,primary,true_effect,rule_as_stated_holds,seeds,readouts,published,published_on_own_placebos,published_on_the_record,failing_prehistory_placebo,own_prehistory_placebo_outside,failing_assignment,failing_overlap,mean_estimate,mean_error,mean_error_smallest,mean_error_largest,mean_prehistory_placebo,mean_shifted_placebo,mean_standard_error,published_mean_error,published_largest_error,published_intervals_holding_truth,programmes_published,programme_mean_error
random,50000,0.25,undocumented,weighting,True,10,,3,36,35,34,1,1,0,0,0,9.82886,-0.171138,-0.630481,0.0979884,0.0813503,-0.171585,1.31294,-0.190965,3.68387,32,3,-0.171138
random,50000,0.25,undocumented,regression,False,10,,3,36,35,34,1,1,0,0,0,9.82377,-0.176228,-0.628117,0.0846594,0.0805072,-0.18623,1.31054,-0.195303,3.5812,32,3,-0.176228
random,50000,0.25,documented,weighting,True,10,True,3,36,35,35,0,1,0,0,0,9.82886,-0.171138,-0.630481,0.0979884,0.0813503,-0.171585,1.31294,-0.190965,3.68387,32,3,-0.171138
random,50000,0.25,documented,regression,False,10,True,3,36,35,35,0,1,0,0,0,9.82377,-0.176228,-0.628117,0.0846594,0.0805072,-0.18623,1.31054,-0.195303,3.5812,32,3,-0.176228
observed,50000,0.25,undocumented,weighting,True,10,,3,36,0,0,0,36,0,36,0,10.3386,0.33861,0.0453954,0.63807,1.50528,88.571,4.38849,,,,0,
observed,50000,0.25,undocumented,regression,False,10,,3,36,0,0,0,6,1,36,0,10.4233,0.423349,0.221261,0.625467,0.0584645,73.0075,1.89892,,,,0,
observed,50000,0.25,documented,weighting,True,10,True,3,36,0,0,0,36,0,0,0,10.3386,0.33861,0.0453954,0.63807,1.50528,88.571,4.38849,,,,3,0.33861
observed,50000,0.25,documented,regression,False,10,True,3,36,30,27,3,6,1,0,0,10.4233,0.423349,0.221261,0.625467,0.0584645,73.0075,1.89892,0.1719,4.68256,30,3,0.423349
long_run,50000,0.25,undocumented,weighting,True,10,,3,36,0,0,0,35,30,35,1,27.2886,17.2886,16.4814,18.1005,17.8107,18.2571,3.77767,,,,0,
long_run,50000,0.25,undocumented,regression,False,10,,3,36,0,0,0,36,36,36,0,30.1601,20.1601,19.9357,20.5576,20.6897,21.108,1.64656,,,,0,
long_run,50000,0.25,documented,weighting,True,10,False,3,36,0,0,0,35,30,0,1,27.2886,17.2886,16.4814,18.1005,17.8107,18.2571,3.77767,,,,0,
long_run,50000,0.25,documented,regression,False,10,False,3,36,0,0,0,36,36,0,0,30.1601,20.1601,19.9357,20.5576,20.6897,21.108,1.64656,,,,0,
foresight,50000,0.25,undocumented,weighting,True,10,,3,36,31,29,2,2,0,4,0,28.0137,18.0137,17.7362,18.2176,0.207751,-0.0730945,1.36938,17.9411,20.625,0,3,18.0137
foresight,50000,0.25,undocumented,regression,False,10,,3,36,31,29,2,3,0,4,0,28.0025,18.0025,17.7316,18.2112,0.202708,-0.0795284,1.36335,17.929,20.6507,0,3,18.0025
foresight,50000,0.25,documented,weighting,True,10,False,3,36,34,32,2,2,0,0,0,28.0137,18.0137,17.7362,18.2176,0.207751,-0.0730945,1.36938,17.9373,20.625,0,3,18.0137
foresight,50000,0.25,documented,regression,False,10,False,3,36,33,31,2,3,0,0,0,28.0025,18.0025,17.7316,18.2112,0.202708,-0.0795284,1.36335,17.9592,20.6507,0,3,18.0025
random_small,2469,0.07,undocumented,weighting,True,10,,3,36,0,0,0,36,1,36,0,10.7409,0.740873,-2.20126,3.74828,0.326484,1.9619,10.4286,,,,0,
random_small,2469,0.07,undocumented,regression,False,10,,3,36,0,0,0,36,1,36,0,10.6474,0.647444,-2.26139,3.58612,0.209399,1.91719,9.79397,,,,0,
random_small,2469,0.07,documented,weighting,True,10,True,3,36,0,0,0,36,1,0,0,10.7409,0.740873,-2.20126,3.74828,0.326484,1.9619,10.4286,,,,0,
random_small,2469,0.07,documented,regression,False,10,True,3,36,0,0,0,36,1,0,0,10.6474,0.647444,-2.26139,3.58612,0.209399,1.91719,9.79397,,,,0,
