world,seed,households,campaign_reach,assignment_rule,rule_as_stated_holds,method,primary,true_effect,readouts,published,published_on_own_placebos,published_on_the_record,failing_prehistory_placebo,own_prehistory_placebo_outside,failing_assignment,failing_overlap,mean_estimate,mean_estimate_low,mean_estimate_high,mean_prehistory_placebo,mean_prehistory_placebo_low,mean_prehistory_placebo_high,mean_shifted_placebo,mean_shifted_placebo_low,mean_shifted_placebo_high,mean_standard_error,mean_error,published_error_sum,published_largest_error,published_intervals_holding_truth,programme_published,programme_error,programme_reasons
random,0,50000,0.25,undocumented,,weighting,True,10,12,12,11,1,0,0,0,0,9.36952,8.66533,10.1418,0.206669,-0.549009,0.934573,0.277273,-0.429729,0.967199,1.30599,-0.630481,-7.56578,3.68387,9,True,-0.630481,
random,0,50000,0.25,undocumented,,regression,False,10,12,12,11,1,0,0,0,0,9.37188,8.6888,10.1434,0.20311,-0.568988,0.922826,0.272783,-0.405665,0.952786,1.30215,-0.628117,-7.53741,3.5812,9,True,-0.628117,
random,0,50000,0.25,documented,True,weighting,True,10,12,12,12,0,0,0,0,0,9.36952,8.66533,10.1418,0.206669,-0.549009,0.934573,0.277273,-0.429729,0.967199,1.30599,-0.630481,-7.56578,3.68387,9,True,-0.630481,
random,0,50000,0.25,documented,True,regression,False,10,12,12,12,0,0,0,0,0,9.37188,8.6888,10.1434,0.20311,-0.568988,0.922826,0.272783,-0.405665,0.952786,1.30215,-0.628117,-7.53741,3.5812,9,True,-0.628117,
random,1,50000,0.25,undocumented,,weighting,True,10,12,11,11,0,1,0,0,0,10.098,9.36309,10.8113,-0.212364,-0.987647,0.519241,-0.310192,-0.938547,0.44252,1.30088,0.0979884,0.653041,1.57076,11,True,0.0979884,
random,1,50000,0.25,undocumented,,regression,False,10,12,11,11,0,1,0,0,0,10.0847,9.36026,10.8042,-0.218983,-0.992377,0.517592,-0.337581,-0.971844,0.386158,1.29728,0.0846594,0.524499,1.58046,11,True,0.0846594,
random,1,50000,0.25,documented,True,weighting,True,10,12,11,11,0,1,0,0,0,10.098,9.36309,10.8113,-0.212364,-0.987647,0.519241,-0.310192,-0.938547,0.44252,1.30088,0.0979884,0.653041,1.57076,11,True,0.0979884,
random,1,50000,0.25,documented,True,regression,False,10,12,11,11,0,1,0,0,0,10.0847,9.36026,10.8042,-0.218983,-0.992377,0.517592,-0.337581,-0.971844,0.386158,1.29728,0.0846594,0.524499,1.58046,11,True,0.0846594,
random,2,50000,0.25,undocumented,,weighting,True,10,12,12,12,0,0,0,0,0,10.0191,9.25717,10.9544,0.249746,-0.434612,0.949916,-0.481835,-1.302,0.17005,1.33196,0.0190798,0.228958,2.21445,12,True,0.0190798,
random,2,50000,0.25,undocumented,,regression,False,10,12,12,12,0,0,0,0,0,10.0148,9.2582,10.9619,0.257395,-0.441082,0.960602,-0.493893,-1.30762,0.140345,1.3322,0.0147739,0.177287,2.22474,12,True,0.0147739,
random,2,50000,0.25,documented,True,weighting,True,10,12,12,12,0,0,0,0,0,10.0191,9.25717,10.9544,0.249746,-0.434612,0.949916,-0.481835,-1.302,0.17005,1.33196,0.0190798,0.228958,2.21445,12,True,0.0190798,
random,2,50000,0.25,documented,True,regression,False,10,12,12,12,0,0,0,0,0,10.0148,9.2582,10.9619,0.257395,-0.441082,0.960602,-0.493893,-1.30762,0.140345,1.3322,0.0147739,0.177287,2.22474,12,True,0.0147739,
observed,0,50000,0.25,undocumented,,weighting,True,10,12,0,0,0,12,0,12,0,10.3324,7.9259,13.7061,1.06597,-1.49537,3.36557,89.4098,87.0602,91.8944,4.76536,0.332365,0,,0,False,,ASSIGNMENT_UNDOCUMENTED_POOLED_OUTSIDE
observed,0,50000,0.25,undocumented,,regression,False,10,12,0,0,0,2,0,12,0,10.2213,9.03118,11.2682,-0.616149,-1.80613,0.447446,73.1325,71.9882,74.2382,2.12908,0.221261,0,,0,False,,ASSIGNMENT_UNDOCUMENTED_POOLED_OUTSIDE
observed,0,50000,0.25,documented,True,weighting,True,10,12,0,0,0,12,0,0,0,10.3324,7.9259,13.7061,1.06597,-1.49537,3.36557,89.4098,87.0602,91.8944,4.76536,0.332365,0,,0,True,0.332365,
observed,0,50000,0.25,documented,True,regression,False,10,12,10,8,2,2,0,0,0,10.2213,9.03118,11.2682,-0.616149,-1.80613,0.447446,73.1325,71.9882,74.2382,2.12908,0.221261,-0.42734,4.68256,10,True,0.221261,
observed,1,50000,0.25,undocumented,,weighting,True,10,12,0,0,0,12,0,12,0,10.0454,7.5563,12.4893,1.52115,-0.80603,3.7868,88.7107,86.3973,91.0111,4.42157,0.0453954,0,,0,False,,ASSIGNMENT_UNDOCUMENTED_POOLED_OUTSIDE
observed,1,50000,0.25,undocumented,,regression,False,10,12,0,0,0,3,1,12,0,10.6255,9.59665,11.4665,1.01614,0.229523,2.09974,73.6617,72.5408,74.9164,1.81643,0.625467,0,,0,False,,ASSIGNMENT_UNDOCUMENTED_POOLED_OUTSIDE
observed,1,50000,0.25,documented,True,weighting,True,10,12,0,0,0,12,0,0,0,10.0454,7.5563,12.4893,1.52115,-0.80603,3.7868,88.7107,86.3973,91.0111,4.42157,0.0453954,0,,0,True,0.0453954,
observed,1,50000,0.25,documented,True,regression,False,10,12,9,9,0,3,1,0,0,10.6255,9.59665,11.4665,1.01614,0.229523,2.09974,73.6617,72.5408,74.9164,1.81643,0.625467,2.54945,2.33545,9,True,0.625467,
observed,2,50000,0.25,undocumented,,weighting,True,10,12,0,0,0,12,0,12,0,10.6381,8.51034,12.9294,1.9287,0.154797,4.0524,87.5923,85.6145,89.798,3.97853,0.63807,0,,0,False,,ASSIGNMENT_UNDOCUMENTED_POOLED_OUTSIDE
observed,2,50000,0.25,undocumented,,regression,False,10,12,0,0,0,1,0,12,0,10.4233,9.42026,11.5337,-0.224593,-1.15995,0.726923,72.2284,71.2503,73.2763,1.75125,0.423319,0,,0,False,,ASSIGNMENT_UNDOCUMENTED_POOLED_OUTSIDE
observed,2,50000,0.25,documented,True,weighting,True,10,12,0,0,0,12,0,0,0,10.6381,8.51034,12.9294,1.9287,0.154797,4.0524,87.5923,85.6145,89.798,3.97853,0.63807,0,,0,True,0.63807,
observed,2,50000,0.25,documented,True,regression,False,10,12,11,10,1,1,0,0,0,10.4233,9.42026,11.5337,-0.224593,-1.15995,0.726923,72.2284,71.2503,73.2763,1.75125,0.423319,3.03488,2.45578,11,True,0.423319,
long_run,0,50000,0.25,undocumented,,weighting,True,10,12,0,0,0,11,8,11,1,27.284,25.0215,29.5029,17.2214,14.9854,19.9668,17.9822,15.4586,20.5312,3.81092,17.284,0,,0,False,,PREHISTORY_POOLED_OUTSIDE ASSIGNMENT_UNDOCUMENTED_POOLED_OUTSIDE
long_run,0,50000,0.25,undocumented,,regression,False,10,12,0,0,0,12,12,12,0,29.9357,28.9456,30.7457,20.1931,19.1689,21.1574,21.4866,20.5283,22.4917,1.68682,19.9357,0,,0,False,,PREHISTORY_POOLED_OUTSIDE ASSIGNMENT_UNDOCUMENTED_POOLED_OUTSIDE
long_run,0,50000,0.25,documented,False,weighting,True,10,12,0,0,0,11,8,0,1,27.284,25.0215,29.5029,17.2214,14.9854,19.9668,17.9822,15.4586,20.5312,3.81092,17.284,0,,0,False,,PREHISTORY_POOLED_OUTSIDE
long_run,0,50000,0.25,documented,False,regression,False,10,12,0,0,0,12,12,0,0,29.9357,28.9456,30.7457,20.1931,19.1689,21.1574,21.4866,20.5283,22.4917,1.68682,19.9357,0,,0,False,,PREHISTORY_POOLED_OUTSIDE
long_run,1,50000,0.25,undocumented,,weighting,True,10,12,0,0,0,12,10,12,0,28.1005,25.9309,30.0594,18.5296,16.5246,20.7128,18.3732,16.4099,20.6787,3.73787,18.1005,0,,0,False,,PREHISTORY_POOLED_OUTSIDE ASSIGNMENT_UNDOCUMENTED_POOLED_OUTSIDE
long_run,1,50000,0.25,undocumented,,regression,False,10,12,0,0,0,12,12,12,0,30.5576,29.4957,31.5173,21.8177,20.9457,22.7746,21.7557,20.9103,22.611,1.64717,20.5576,0,,0,False,,PREHISTORY_POOLED_OUTSIDE ASSIGNMENT_UNDOCUMENTED_POOLED_OUTSIDE
long_run,1,50000,0.25,documented,False,weighting,True,10,12,0,0,0,12,10,0,0,28.1005,25.9309,30.0594,18.5296,16.5246,20.7128,18.3732,16.4099,20.6787,3.73787,18.1005,0,,0,False,,PREHISTORY_POOLED_OUTSIDE
long_run,1,50000,0.25,documented,False,regression,False,10,12,0,0,0,12,12,0,0,30.5576,29.4957,31.5173,21.8177,20.9457,22.7746,21.7557,20.9103,22.611,1.64717,20.5576,0,,0,False,,PREHISTORY_POOLED_OUTSIDE
long_run,2,50000,0.25,undocumented,,weighting,True,10,12,0,0,0,12,12,12,0,26.4814,24.1246,28.9188,17.6813,15.9,19.7156,18.4159,16.2346,20.2996,3.78422,16.4814,0,,0,False,,PREHISTORY_POOLED_OUTSIDE ASSIGNMENT_UNDOCUMENTED_POOLED_OUTSIDE
long_run,2,50000,0.25,undocumented,,regression,False,10,12,0,0,0,12,12,12,0,29.987,28.9631,30.9755,20.0581,19.2842,20.9224,20.0817,19.1429,21.0371,1.6057,19.987,0,,0,False,,PREHISTORY_POOLED_OUTSIDE ASSIGNMENT_UNDOCUMENTED_POOLED_OUTSIDE
long_run,2,50000,0.25,documented,False,weighting,True,10,12,0,0,0,12,12,0,0,26.4814,24.1246,28.9188,17.6813,15.9,19.7156,18.4159,16.2346,20.2996,3.78422,16.4814,0,,0,False,,PREHISTORY_POOLED_OUTSIDE
long_run,2,50000,0.25,documented,False,regression,False,10,12,0,0,0,12,12,0,0,29.987,28.9631,30.9755,20.0581,19.2842,20.9224,20.0817,19.1429,21.0371,1.6057,19.987,0,,0,False,,PREHISTORY_POOLED_OUTSIDE
foresight,0,50000,0.25,undocumented,,weighting,True,10,12,11,11,0,0,0,1,0,28.2176,27.4451,28.9081,0.190666,-0.60092,0.836753,0.385492,-0.413315,1.11343,1.39122,18.2176,201.122,20.625,0,True,18.2176,
foresight,0,50000,0.25,undocumented,,regression,False,10,12,11,11,0,0,0,1,0,28.2112,27.4214,28.9036,0.184759,-0.581245,0.834795,0.387801,-0.400003,1.11548,1.38518,18.2112,201.081,20.6507,0,True,18.2112,
foresight,0,50000,0.25,documented,False,weighting,True,10,12,12,12,0,0,0,0,0,28.2176,27.4451,28.9081,0.190666,-0.60092,0.836753,0.385492,-0.413315,1.11343,1.39122,18.2176,218.611,20.625,0,True,18.2176,
foresight,0,50000,0.25,documented,False,regression,False,10,12,12,12,0,0,0,0,0,28.2112,27.4214,28.9036,0.184759,-0.581245,0.834795,0.387801,-0.400003,1.11548,1.38518,18.2112,218.535,20.6507,0,True,18.2112,
foresight,1,50000,0.25,undocumented,,weighting,True,10,12,10,9,1,2,0,1,0,28.0875,27.3293,28.7669,-0.100711,-0.813401,0.742142,-0.0212561,-0.644438,0.881839,1.34588,18.0875,178.421,19.8008,0,True,18.0875,
foresight,1,50000,0.25,undocumented,,regression,False,10,12,10,9,1,2,0,1,0,28.0648,27.3201,28.7289,-0.1113,-0.808614,0.749702,-0.0322677,-0.662745,0.844854,1.33747,18.0648,178.198,19.7795,0,True,18.0648,
foresight,1,50000,0.25,documented,False,weighting,True,10,12,10,9,1,2,0,0,0,28.0875,27.3293,28.7669,-0.100711,-0.813401,0.742142,-0.0212561,-0.644438,0.881839,1.34588,18.0875,178.421,19.8008,0,True,18.0875,
foresight,1,50000,0.25,documented,False,regression,False,10,12,10,9,1,2,0,0,0,28.0648,27.3201,28.7289,-0.1113,-0.808614,0.749702,-0.0322677,-0.662745,0.844854,1.33747,18.0648,178.198,19.7795,0,True,18.0648,
foresight,2,50000,0.25,undocumented,,weighting,True,10,12,10,9,1,0,0,2,0,27.7362,26.8396,28.6136,0.533298,-0.154243,1.17968,-0.583519,-1.30476,0.0359002,1.37104,17.7362,176.632,19.5459,0,True,17.7362,
foresight,2,50000,0.25,undocumented,,regression,False,10,12,10,9,1,1,0,2,0,27.7316,26.8266,28.6128,0.534663,-0.16361,1.17066,-0.594118,-1.31174,0.0349805,1.3674,17.7316,176.519,19.4919,0,True,17.7316,
foresight,2,50000,0.25,documented,False,weighting,True,10,12,12,11,1,0,0,0,0,27.7362,26.8396,28.6136,0.533298,-0.154243,1.17968,-0.583519,-1.30476,0.0359002,1.37104,17.7362,212.834,19.5459,0,True,17.7362,
foresight,2,50000,0.25,documented,False,regression,False,10,12,11,10,1,1,0,0,0,27.7316,26.8266,28.6128,0.534663,-0.16361,1.17066,-0.594118,-1.31174,0.0349805,1.3674,17.7316,195.921,19.4919,0,True,17.7316,
random_small,0,2469,0.07,undocumented,,weighting,True,10,12,0,0,0,12,1,12,0,7.79874,2.09442,14.9812,0.0605018,-4.55326,5.50429,2.05974,-3.52919,7.84602,10.7514,-2.20126,0,,0,False,,PREHISTORY_POOLED_INCONCLUSIVE ASSIGNMENT_UNDOCUMENTED_POOLED_INCONCLUSIVE
random_small,0,2469,0.07,undocumented,,regression,False,10,12,0,0,0,12,1,12,0,7.73861,1.92401,14.581,0.185165,-4.80855,5.44638,2.21575,-2.73329,7.85495,9.86786,-2.26139,0,,0,False,,PREHISTORY_POOLED_INCONCLUSIVE ASSIGNMENT_UNDOCUMENTED_POOLED_INCONCLUSIVE
random_small,0,2469,0.07,documented,True,weighting,True,10,12,0,0,0,12,1,0,0,7.79874,2.09442,14.9812,0.0605018,-4.55326,5.50429,2.05974,-3.52919,7.84602,10.7514,-2.20126,0,,0,False,,PREHISTORY_POOLED_INCONCLUSIVE
random_small,0,2469,0.07,documented,True,regression,False,10,12,0,0,0,12,1,0,0,7.73861,1.92401,14.581,0.185165,-4.80855,5.44638,2.21575,-2.73329,7.85495,9.86786,-2.26139,0,,0,False,,PREHISTORY_POOLED_INCONCLUSIVE
random_small,1,2469,0.07,undocumented,,weighting,True,10,12,0,0,0,12,0,12,0,10.6756,3.79621,16.2559,1.18542,-4.38638,6.58455,-0.863473,-6.36167,4.73384,9.85784,0.675597,0,,0,False,,PREHISTORY_POOLED_INCONCLUSIVE ASSIGNMENT_UNDOCUMENTED_POOLED_INCONCLUSIVE
random_small,1,2469,0.07,undocumented,,regression,False,10,12,0,0,0,12,0,12,0,10.6176,3.60678,16.1362,1.14289,-4.35785,6.37048,-0.748672,-5.91623,4.31732,9.62724,0.617596,0,,0,False,,PREHISTORY_POOLED_INCONCLUSIVE ASSIGNMENT_UNDOCUMENTED_POOLED_INCONCLUSIVE
random_small,1,2469,0.07,documented,True,weighting,True,10,12,0,0,0,12,0,0,0,10.6756,3.79621,16.2559,1.18542,-4.38638,6.58455,-0.863473,-6.36167,4.73384,9.85784,0.675597,0,,0,False,,PREHISTORY_POOLED_INCONCLUSIVE
random_small,1,2469,0.07,documented,True,regression,False,10,12,0,0,0,12,0,0,0,10.6176,3.60678,16.1362,1.14289,-4.35785,6.37048,-0.748672,-5.91623,4.31732,9.62724,0.617596,0,,0,False,,PREHISTORY_POOLED_INCONCLUSIVE
random_small,2,2469,0.07,undocumented,,weighting,True,10,12,0,0,0,12,0,12,0,13.7483,8.63474,20.81,-0.266469,-6.29703,5.54031,4.68943,-1.34205,11.0622,10.6765,3.74828,0,,0,False,,PREHISTORY_POOLED_INCONCLUSIVE ASSIGNMENT_UNDOCUMENTED_POOLED_INCONCLUSIVE
random_small,2,2469,0.07,undocumented,,regression,False,10,12,0,0,0,12,0,12,0,13.5861,8.49953,19.9086,-0.699854,-5.51728,5.05876,4.28448,-1.25392,9.54311,9.88682,3.58612,0,,0,False,,PREHISTORY_POOLED_INCONCLUSIVE ASSIGNMENT_UNDOCUMENTED_POOLED_INCONCLUSIVE
random_small,2,2469,0.07,documented,True,weighting,True,10,12,0,0,0,12,0,0,0,13.7483,8.63474,20.81,-0.266469,-6.29703,5.54031,4.68943,-1.34205,11.0622,10.6765,3.74828,0,,0,False,,PREHISTORY_POOLED_INCONCLUSIVE
random_small,2,2469,0.07,documented,True,regression,False,10,12,0,0,0,12,0,0,0,13.5861,8.49953,19.9086,-0.699854,-5.51728,5.05876,4.28448,-1.25392,9.54311,9.88682,3.58612,0,,0,False,,PREHISTORY_POOLED_INCONCLUSIVE
